Tilda UID,Brand,SKU,Offers ID,Mark,Category,Title,Description,Text,Photo,Price,Quantity,Price Old,Editions,Modifications,External ID,Parent UID,Weight,Length,Width,Height,Url,Tabs:1
REVOLVGOLOV.16М30Ф3.40.000,ТД РУССтанкоСбыт,REVOLVGOLOV.16М30Ф3.40.000,,,Узлы токарных станков;Узлы токарных станков>>>Револьверные головки,Револьверная головка 16М30Ф3.40.000,,"<div style=""font-size: 16px;"" data-customstyle=""yes""></div>",https://static.tildacdn.com/tild6561-3434-4166-b739-663937396163/__1630.jpg,825900.0,,,,,,,,,,,http://project17325576.tilda.ws/tproduct/797294523462-revolvernaya-golovka-16m30f340000,
REVOLVGOLOV.1P756DF3.39.000,ТД РУССтанкоСбыт,REVOLVGOLOV.1P756DF3.39.000,,,Узлы токарных станков;Узлы токарных станков>>>Револьверные головки,Револьверная головка 1П756ДФ3.39.000,,"<div style=""font-size: 16px;"" data-customstyle=""yes""></div>",https://static.tildacdn.com/tild6164-3039-4231-a364-383636653534/photo_2025-10-19_151.jpeg,775000.0,,,,,,,,,,,http://project17325576.tilda.ws/tproduct/507977425082-revolvernaya-golovka-1p756df339000,
SPINDELBABKA.VAL.1M65;ТД РУССтанкоСбыт;SPINDELBABKA.VAL.1M65;;Узлы токарных станков;Узлы токарных станков>>>Шпиндельные бабки;Валы шпиндельной бабки 1М65,,SPINDELBABKA.VAL.1M65;ТД РУССтанкоСбыт;SPINDELBABKA.VAL.1M65;;Узлы токарных станков;Узлы токарных станков>>>Шпиндельные бабки;Валы шпиндельной бабки 1М65,,,,,,,,,,,,,,,,,,,,
SPINDELBABKA.SHESTERN.1M63;ТД РУССтанкоСбыт;SPINDELBABKA.SHESTERN.1M63;;Узлы токарных станков;Узлы токарных станков>>>Шпиндельные бабки;Шестерни шпиндельной бабки 1М63,,SPINDELBABKA.SHESTERN.1M63;ТД РУССтанкоСбыт;SPINDELBABKA.SHESTERN.1M63;;Узлы токарных станков;Узлы токарных станков>>>Шпиндельные бабки;Шестерни шпиндельной бабки 1М63,,,,,,,,,,,,,,,,,,,,
SPINDELBABKA.SHESTERN.1M65;ТД РУССтанкоСбыт;SPINDELBABKA.SHESTERN.1M65;;Узлы токарных станков;Узлы токарных станков>>>Шпиндельные бабки;Шестерни шпиндельной бабки 1М65,,SPINDELBABKA.SHESTERN.1M65;ТД РУССтанкоСбыт;SPINDELBABKA.SHESTERN.1M65;;Узлы токарных станков;Узлы токарных станков>>>Шпиндельные бабки;Шестерни шпиндельной бабки 1М65,,,,,,,,,,,,,,,,,,,,
SPINDELBABKA.ZAPASNCHAST;ТД РУССтанкоСбыт;SPINDELBABKA.ZAPASNCHAST;;Узлы токарных станков;Узлы токарных станков>>>Шпиндельные бабки;Запасные части к шпиндельной бабке (Универсальный набор);Универсальный набор запасных частей к шпиндельной бабке (вилки,,SPINDELBABKA.ZAPASNCHAST;ТД РУССтанкоСбыт;SPINDELBABKA.ZAPASNCHAST;;Узлы токарных станков;Узлы токарных станков>>>Шпиндельные бабки;Запасные части к шпиндельной бабке (Универсальный набор);Универсальный набор запасных частей к шпиндельной бабке (вилки,,,,,,,,,,,,,,,,,,,,
ZADNBABKA.SHPINDEL.DIP300;ТД РУССтанкоСбыт;ZADNBABKA.SHPINDEL.DIP300;;Узлы токарных станков;Узлы токарных станков>>>Задние бабки;Шпиндель к задней бабке (ДИП300 для 1М63,,ZADNBABKA.SHPINDEL.DIP300;ТД РУССтанкоСбыт;ZADNBABKA.SHPINDEL.DIP300;;Узлы токарных станков;Узлы токарных станков>>>Задние бабки;Шпиндель к задней бабке (ДИП300 для 1М63,,,,,,,,,,,,,,,,,,,,
ZADNBABKA.SHPINDEL.DIP1500;ТД РУССтанкоСбыт;ZADNBABKA.SHPINDEL.DIP1500;;Узлы токарных станков;Узлы токарных станков>>>Задние бабки;Шпиндель к задней бабке (ДИП1500 для 1М65,,ZADNBABKA.SHPINDEL.DIP1500;ТД РУССтанкоСбыт;ZADNBABKA.SHPINDEL.DIP1500;;Узлы токарных станков;Узлы токарных станков>>>Задние бабки;Шпиндель к задней бабке (ДИП1500 для 1М65,,,,,,,,,,,,,,,,,,,,
ZADNBABKA.ZBOR.DIP300;ТД РУССтанкоСбыт;ZADNBABKA.ZBOR.DIP300;;Узлы токарных станков;Узлы токарных станков>>>Задние бабки;Задняя бабка в сборе ДИП300 (1М63,,ZADNBABKA.ZBOR.DIP300;ТД РУССтанкоСбыт;ZADNBABKA.ZBOR.DIP300;;Узлы токарных станков;Узлы токарных станков>>>Задние бабки;Задняя бабка в сборе ДИП300 (1М63,,,,,,,,,,,,,,,,,,,,
ZADNBABKA.ZBOR.DIP1500;ТД РУССтанкоСбыт;ZADNBABKA.ZBOR.DIP1500;;Узлы токарных станков;Узлы токарных станков>>>Задние бабки;Задняя бабка в сборе ДИП1500 (1М65,,ZADNBABKA.ZBOR.DIP1500;ТД РУССтанкоСбыт;ZADNBABKA.ZBOR.DIP1500;;Узлы токарных станков;Узлы токарных станков>>>Задние бабки;Задняя бабка в сборе ДИП1500 (1М65,,,,,,,,,,,,,,,,,,,,
KOROBPODACH.1N983;ТД РУССтанкоСбыт;KOROBPODACH.1N983;;Узлы токарных станков;Узлы токарных станков>>>Коробки подач;Коробка подач станка 1Н983 (ремонтный комплект);Ремонтный комплект коробки подач для станка 1Н983 с полным набором шестерен и валов;Полный комплект для ремонта коробки подач;https://static.tildacdn.com/tild3563-6666-4232-b637-363635356662/photo_2025-10-20_17-.jpg;0;1;;;Параметр1:Коробки подач;r0ZXBxgnV7IfEEzvk9Z9;;0;0;0;0;http://project17325576.tilda.ws/tproduct/952783106832-korobka-podach-stanka-1n983-remontnii-ko,,KOROBPODACH.1N983;ТД РУССтанкоСбыт;KOROBPODACH.1N983;;Узлы токарных станков;Узлы токарных станков>>>Коробки подач;Коробка подач станка 1Н983 (ремонтный комплект);Ремонтный комплект коробки подач для станка 1Н983 с полным набором шестерен и валов;Полный комплект для ремонта коробки подач;https://static.tildacdn.com/tild3563-6666-4232-b637-363635356662/photo_2025-10-20_17-.jpg;0;1;;;Параметр1:Коробки подач;r0ZXBxgnV7IfEEzvk9Z9;;0;0;0;0;http://project17325576.tilda.ws/tproduct/952783106832-korobka-podach-stanka-1n983-remontnii-ko,,,,,,,,,,,,,,,,,,,,
KOROBPODACH.DIP300;ТД РУССтанкоСбыт;KOROBPODACH.DIP300;;Узлы токарных станков;Узлы токарных станков>>>Коробки подач;Коробка подач станка ДИП300 (шестерни + валы);Комплект коробки подач для станка ДИП300,,KOROBPODACH.DIP300;ТД РУССтанкоСбыт;KOROBPODACH.DIP300;;Узлы токарных станков;Узлы токарных станков>>>Коробки подач;Коробка подач станка ДИП300 (шестерни + валы);Комплект коробки подач для станка ДИП300,,,,,,,,,,,,,,,,,,,,
STANOK.RT5001;ТД РУССтанкоСбыт;STANOK.RT5001;;Станки;Станки>>>Станки для железнодорожной отрасли;Станок специальный лентобандажировочный РТ5001;;;;0;;;;;Fi6YeZu2xD4zBIO3LR0j;;0;0;0;0;http://project17325576.tilda.ws/tproduct/399826810762-stanok-spetsialnii-lentobandazhirovochni,,STANOK.RT5001;ТД РУССтанкоСбыт;STANOK.RT5001;;Станки;Станки>>>Станки для железнодорожной отрасли;Станок специальный лентобандажировочный РТ5001;;;;0;;;;;Fi6YeZu2xD4zBIO3LR0j;;0;0;0;0;http://project17325576.tilda.ws/tproduct/399826810762-stanok-spetsialnii-lentobandazhirovochni,,,,,,,,,,,,,,,,,,,,
STANOK.RT5003;ТД РУССтанкоСбыт;STANOK.RT5003;;Станки;Станки>>>Станки для железнодорожной отрасли;Станок специальный лентобандажировочный РТ5003;;;;0;;;;;i4otlvB8h8ILSL73aeCd;;0;0;0;0;http://project17325576.tilda.ws/tproduct/399470923682-stanok-spetsialnii-lentobandazhirovochni,,STANOK.RT5003;ТД РУССтанкоСбыт;STANOK.RT5003;;Станки;Станки>>>Станки для железнодорожной отрасли;Станок специальный лентобандажировочный РТ5003;;;;0;;;;;i4otlvB8h8ILSL73aeCd;;0;0;0;0;http://project17325576.tilda.ws/tproduct/399470923682-stanok-spetsialnii-lentobandazhirovochni,,,,,,,,,,,,,,,,,,,,
STANOK.RT5004;ТД РУССтанкоСбыт;STANOK.RT5004;;Станки;Станки>>>Станки для железнодорожной отрасли;Специальный бандажировочный станок РТ5004;;;;0;;;;;bRTgBHRHNzufxCeYXsFs;;0;0;0;0;http://project17325576.tilda.ws/tproduct/954562736102-spetsialnii-bandazhirovochnii-stanok-rt5,,STANOK.RT5004;ТД РУССтанкоСбыт;STANOK.RT5004;;Станки;Станки>>>Станки для железнодорожной отрасли;Специальный бандажировочный станок РТ5004;;;;0;;;;;bRTgBHRHNzufxCeYXsFs;;0;0;0;0;http://project17325576.tilda.ws/tproduct/954562736102-spetsialnii-bandazhirovochnii-stanok-rt5,,,,,,,,,,,,,,,,,,,,
STANOK.RT301;ТД РУССтанкоСбыт;STANOK.RT301;;Станки;Станки>>>Станки для железнодорожной отрасли;Специальный токарно-накатной станок РТ301;;;;0;;;;;GTFyzgjP1mZ2ObsvUl2P;;0;0;0;0;http://project17325576.tilda.ws/tproduct/152815855032-spetsialnii-tokarno-nakatnoi-stanok-rt30,,STANOK.RT301;ТД РУССтанкоСбыт;STANOK.RT301;;Станки;Станки>>>Станки для железнодорожной отрасли;Специальный токарно-накатной станок РТ301;;;;0;;;;;GTFyzgjP1mZ2ObsvUl2P;;0;0;0;0;http://project17325576.tilda.ws/tproduct/152815855032-spetsialnii-tokarno-nakatnoi-stanok-rt30,,,,,,,,,,,,,,,,,,,,
STANOK.RT301.01;ТД РУССтанкоСбыт;STANOK.RT301.01;;Станки;Станки>>>Станки для железнодорожной отрасли;Специальный токарно-накатной станок РТ301.01;;;;0;;;;;Ku9pl2Gez5Uf8MTUdHih;;0;0;0;0;http://project17325576.tilda.ws/tproduct/806671398022-spetsialnii-tokarno-nakatnoi-stanok-rt30,,STANOK.RT301.01;ТД РУССтанкоСбыт;STANOK.RT301.01;;Станки;Станки>>>Станки для железнодорожной отрасли;Специальный токарно-накатной станок РТ301.01;;;;0;;;;;Ku9pl2Gez5Uf8MTUdHih;;0;0;0;0;http://project17325576.tilda.ws/tproduct/806671398022-spetsialnii-tokarno-nakatnoi-stanok-rt30,,,,,,,,,,,,,,,,,,,,
STANOK.RT301.02;ТД РУССтанкоСбыт;STANOK.RT301.02;;Станки;Станки>>>Станки для железнодорожной отрасли;Специальный токарно-накатной станок РТ301.02;;;;0;;;;;9rCHCOd0J6NfzDP9Ft6p;;0;0;0;0;http://project17325576.tilda.ws/tproduct/122998059832-spetsialnii-tokarno-nakatnoi-stanok-rt30,,STANOK.RT301.02;ТД РУССтанкоСбыт;STANOK.RT301.02;;Станки;Станки>>>Станки для железнодорожной отрасли;Специальный токарно-накатной станок РТ301.02;;;;0;;;;;9rCHCOd0J6NfzDP9Ft6p;;0;0;0;0;http://project17325576.tilda.ws/tproduct/122998059832-spetsialnii-tokarno-nakatnoi-stanok-rt30,,,,,,,,,,,,,,,,,,,,
STANOK.РТ917;ТД РУССтанкоСбыт;STANOK.РТ917;Станки;Станки>>>Станки для железнодорожной отрасли;Специальный токарно-накатной станок РТ917;;;;0;;;;;2oO7KbEIbb3d237UTm4c;;0;0;0;0;http://project17325576.tilda.ws/tproduct/683011480362-spetsialnii-tokarno-nakatnoi-stanok-rt91;,,STANOK.РТ917;ТД РУССтанкоСбыт;STANOK.РТ917;Станки;Станки>>>Станки для железнодорожной отрасли;Специальный токарно-накатной станок РТ917;;;;0;;;;;2oO7KbEIbb3d237UTm4c;;0;0;0;0;http://project17325576.tilda.ws/tproduct/683011480362-spetsialnii-tokarno-nakatnoi-stanok-rt91;,,,,,,,,,,,,,,,,,,,,
STANOK.16k20;ТД РУССтанкоСбыт;STANOK.16k20;;Станки;Станки>>>Станки токарно-винторезные;Токарно-винторезный станок 16К20;;;;0;;;;;6xntGexE7MiKZJGZfbPK;;0;0;0;0;http://project17325576.tilda.ws/tproduct/389457264852-tokarno-vintoreznii-stanok-16k20,,STANOK.16k20;ТД РУССтанкоСбыт;STANOK.16k20;;Станки;Станки>>>Станки токарно-винторезные;Токарно-винторезный станок 16К20;;;;0;;;;;6xntGexE7MiKZJGZfbPK;;0;0;0;0;http://project17325576.tilda.ws/tproduct/389457264852-tokarno-vintoreznii-stanok-16k20,,,,,,,,,,,,,,,,,,,,
STANOK.16r25;ТД РУССтанкоСбыт;STANOK.16r25;;Станки;Станки>>>Станки токарно-винторезные;Токарно-винторезный станок 16Р25;;;;0;;;;;voSGOZE5ukn07XCcchOI;;0;0;0;0;http://project17325576.tilda.ws/tproduct/173575719642-tokarno-vintoreznii-stanok-16r25,,STANOK.16r25;ТД РУССтанкоСбыт;STANOK.16r25;;Станки;Станки>>>Станки токарно-винторезные;Токарно-винторезный станок 16Р25;;;;0;;;;;voSGOZE5ukn07XCcchOI;;0;0;0;0;http://project17325576.tilda.ws/tproduct/173575719642-tokarno-vintoreznii-stanok-16r25,,,,,,,,,,,,,,,,,,,,
STANOK.1m63n;ТД РУССтанкоСбыт;STANOK.1m63n;;Станки;Станки>>>Станки токарно-винторезные;Токарно-винторезный станок 1М63Н (ДИП-300,,STANOK.1m63n;ТД РУССтанкоСбыт;STANOK.1m63n;;Станки;Станки>>>Станки токарно-винторезные;Токарно-винторезный станок 1М63Н (ДИП-300,,,,,,,,,,,,,,,,,,,,
STANOK.16k40;ТД РУССтанкоСбыт;STANOK.16k40;;Станки;Станки>>>Станки токарно-винторезные;Токарно-винторезный станок 16К40;;;;0;;;;;H90I2BXBCJf5ACGbXXF1;;0;0;0;0;http://project17325576.tilda.ws/tproduct/779784214312-tokarno-vintoreznii-stanok-16k40,,STANOK.16k40;ТД РУССтанкоСбыт;STANOK.16k40;;Станки;Станки>>>Станки токарно-винторезные;Токарно-винторезный станок 16К40;;;;0;;;;;H90I2BXBCJf5ACGbXXF1;;0;0;0;0;http://project17325576.tilda.ws/tproduct/779784214312-tokarno-vintoreznii-stanok-16k40,,,,,,,,,,,,,,,,,,,,
STANOK.165;ТД РУССтанкоСбыт;STANOK.165;;Станки;Станки>>>Станки токарно-винторезные;Токарно-винторезный станок 1Н65 (ДИП-500,,STANOK.165;ТД РУССтанкоСбыт;STANOK.165;;Станки;Станки>>>Станки токарно-винторезные;Токарно-винторезный станок 1Н65 (ДИП-500,,,,,,,,,,,,,,,,,,,,
STANOK.rt117;ТД РУССтанкоСбыт;STANOK.rt117;;Станки;Станки>>>Станки токарно-винторезные;Токарно-винторезный станок РТ117;;;;0;;;;;6lSH1D9OeNidOm3hGsrF;;0;0;0;0;http://project17325576.tilda.ws/tproduct/239289993492-tokarno-vintoreznii-stanok-rt117,,STANOK.rt117;ТД РУССтанкоСбыт;STANOK.rt117;;Станки;Станки>>>Станки токарно-винторезные;Токарно-винторезный станок РТ117;;;;0;;;;;6lSH1D9OeNidOm3hGsrF;;0;0;0;0;http://project17325576.tilda.ws/tproduct/239289993492-tokarno-vintoreznii-stanok-rt117,,,,,,,,,,,,,,,,,,,,
STANOK.rt817;ТД РУССтанкоСбыт;STANOK.rt817;;Станки;Станки>>>Станки токарно-винторезные;Токарно-винторезный станок РТ817;;;;0;;;;;VxIepRf3xpSnbTDjHeEL;;0;0;0;0;http://project17325576.tilda.ws/tproduct/489584545172-tokarno-vintoreznii-stanok-rt817,,STANOK.rt817;ТД РУССтанкоСбыт;STANOK.rt817;;Станки;Станки>>>Станки токарно-винторезные;Токарно-винторезный станок РТ817;;;;0;;;;;VxIepRf3xpSnbTDjHeEL;;0;0;0;0;http://project17325576.tilda.ws/tproduct/489584545172-tokarno-vintoreznii-stanok-rt817,,,,,,,,,,,,,,,,,,,,
"STANOK.16m30f3;ТД РУССтанкоСбыт;STANOK.16m30f3;;Станки;Станки>>>Станки с ЧПУ;Станок токарный патронно-центровой с числовым программным управлением 16М30Ф3;Станок токарный патронно-центровой с ЧПУ 16М30Ф3 для высокоточной обработки деталей диаметром до 630 мм, оснащённый приводом 18,5 кВт и 12-позиционной револьверной головкой.;Станок токарный патронно-центровой с числовым программным управлением 16М30Ф3 предназначен для высокоточной токарной обработки средних и крупногабаритных деталей в условиях серийного и мелкосерийного производства. Конструкция станка обеспечивает жёсткость, стабильность геометрии и устойчивую точность при длительной эксплуатации, что делает его оптимальным решением для машиностроения, энергетики, железнодорожной отрасли, нефтегазового и транспортного машиностроения. Масса станка около 6800 кг в сочетании с мощным приводом главного движения 18,5 кВт позволяет уверенно обрабатывать тяжёлые заготовки при сохранении высокой точности и чистоты поверхности. Станок рассчитан на обработку заготовок диаметром до 630 мм над станиной и до 355 мм над суппортом при длине до 1500 мм. Диапазон частот вращения шпинделя составляет примерно 31,5–1600 об/мин, что даёт возможность как черновой высокопроизводительной обработки, так и чистовых высокоточных проходов. Высокая точность позиционирования по осям и повторяемость обеспечивают стабильное получение размеров в узких допусках, а также надёжную работу в автоматических циклах. Инструментальное оснащение станка включает 12-позиционную револьверную головку, что расширяет возможности по размещению режущего инструмента и сокращает переналадку между операциями. Применение современных систем ЧПУ FANUC 0i-TF или Siemens 840D sl обеспечивает поддержку стандартных и пользовательских циклов обработки, гибкое программирование и удобный интерфейс для оператора. По сравнению с базовыми моделями линейки, такими как 16А20Ф3, станок 16М30Ф3 имеет увеличенный диаметр обработки, более мощный привод и расширенное количество инструментальных позиций в револьверной головке. Станок может быть дооснащён системой подачи СОЖ, люнетами и специальной оснасткой по ТЗ заказчика.;;0;;;;;X9FGbA6DGyrbXVhojyJx;;0;0;0;0;http://project17325576.tilda.ws/tproduct/234475653572-stanok-tokarnii-patronno-tsentrovoi-s-ch",,"STANOK.16m30f3;ТД РУССтанкоСбыт;STANOK.16m30f3;;Станки;Станки>>>Станки с ЧПУ;Станок токарный патронно-центровой с числовым программным управлением 16М30Ф3;Станок токарный патронно-центровой с ЧПУ 16М30Ф3 для высокоточной обработки деталей диаметром до 630 мм, оснащённый приводом 18,5 кВт и 12-позиционной револьверной головкой.;Станок токарный патронно-центровой с числовым программным управлением 16М30Ф3 предназначен для высокоточной токарной обработки средних и крупногабаритных деталей в условиях серийного и мелкосерийного производства. Конструкция станка обеспечивает жёсткость, стабильность геометрии и устойчивую точность при длительной эксплуатации, что делает его оптимальным решением для машиностроения, энергетики, железнодорожной отрасли, нефтегазового и транспортного машиностроения. Масса станка около 6800 кг в сочетании с мощным приводом главного движения 18,5 кВт позволяет уверенно обрабатывать тяжёлые заготовки при сохранении высокой точности и чистоты поверхности. Станок рассчитан на обработку заготовок диаметром до 630 мм над станиной и до 355 мм над суппортом при длине до 1500 мм. Диапазон частот вращения шпинделя составляет примерно 31,5–1600 об/мин, что даёт возможность как черновой высокопроизводительной обработки, так и чистовых высокоточных проходов. Высокая точность позиционирования по осям и повторяемость обеспечивают стабильное получение размеров в узких допусках, а также надёжную работу в автоматических циклах. Инструментальное оснащение станка включает 12-позиционную револьверную головку, что расширяет возможности по размещению режущего инструмента и сокращает переналадку между операциями. Применение современных систем ЧПУ FANUC 0i-TF или Siemens 840D sl обеспечивает поддержку стандартных и пользовательских циклов обработки, гибкое программирование и удобный интерфейс для оператора. По сравнению с базовыми моделями линейки, такими как 16А20Ф3, станок 16М30Ф3 имеет увеличенный диаметр обработки, более мощный привод и расширенное количество инструментальных позиций в револьверной головке. Станок может быть дооснащён системой подачи СОЖ, люнетами и специальной оснасткой по ТЗ заказчика.;;0;;;;;X9FGbA6DGyrbXVhojyJx;;0;0;0;0;http://project17325576.tilda.ws/tproduct/234475653572-stanok-tokarnii-patronno-tsentrovoi-s-ch",,,,,,,,,,,,,,,,,,,,
"STANOK.rt755f3;ТД РУССтанкоСбыт;STANOK.rt755f3;;Станки;Станки>>>Станки с ЧПУ;Станок токарный патронно-центровой с числовым программным управлением РТ755Ф3;Станок токарный патронно-центровой с ЧПУ РТ755Ф3 для обработки крупногабаритных деталей диаметром до 1060 мм и длиной до 3200 мм.;Станок токарный патронно-центровой с числовым программным управлением РТ755Ф3 предназначен для высокопроизводительной обработки крупногабаритных и тяжёлых деталей в условиях крупносерийного и серийного производства. Мощная станина и усиленная конструкция обеспечивают высокую жёсткость и устойчивость при работе с массивными заготовками, снижая вибрации и повышая стабильность размеров. Наибольший диаметр обрабатываемой заготовки над станиной достигает примерно 1060 мм, над суппортом — порядка 650 мм, а максимальная длина — около 3200 мм, что позволяет обрабатывать длинные валы, детали энергетического и нефтегазового оборудования, элементы судостроения. Частота вращения шпинделя находится в диапазоне порядка 5–500 об/мин, что оптимально для тяжёлых режимов резания и обеспечивает необходимый крутящий момент. Главный привод мощностью около 30 кВт рассчитан на интенсивную эксплуатацию в многосменном режиме. Система ЧПУ поддерживает сложные программы обработки, включая многоступенчатые переходы, нарезание резьб, обработку фасонных поверхностей и комбинированные циклы. РТ755Ф3 широко применяется в тяжёлом машиностроении, судостроении, нефтегазовой и энергетической отраслях.;;0;;;;;NOE119CS0DrvpdxpEiaj;;0;0;0;0;http://project17325576.tilda.ws/tproduct/149686262962-stanok-tokarnii-patronno-tsentrovoi-s-ch",,"STANOK.rt755f3;ТД РУССтанкоСбыт;STANOK.rt755f3;;Станки;Станки>>>Станки с ЧПУ;Станок токарный патронно-центровой с числовым программным управлением РТ755Ф3;Станок токарный патронно-центровой с ЧПУ РТ755Ф3 для обработки крупногабаритных деталей диаметром до 1060 мм и длиной до 3200 мм.;Станок токарный патронно-центровой с числовым программным управлением РТ755Ф3 предназначен для высокопроизводительной обработки крупногабаритных и тяжёлых деталей в условиях крупносерийного и серийного производства. Мощная станина и усиленная конструкция обеспечивают высокую жёсткость и устойчивость при работе с массивными заготовками, снижая вибрации и повышая стабильность размеров. Наибольший диаметр обрабатываемой заготовки над станиной достигает примерно 1060 мм, над суппортом — порядка 650 мм, а максимальная длина — около 3200 мм, что позволяет обрабатывать длинные валы, детали энергетического и нефтегазового оборудования, элементы судостроения. Частота вращения шпинделя находится в диапазоне порядка 5–500 об/мин, что оптимально для тяжёлых режимов резания и обеспечивает необходимый крутящий момент. Главный привод мощностью около 30 кВт рассчитан на интенсивную эксплуатацию в многосменном режиме. Система ЧПУ поддерживает сложные программы обработки, включая многоступенчатые переходы, нарезание резьб, обработку фасонных поверхностей и комбинированные циклы. РТ755Ф3 широко применяется в тяжёлом машиностроении, судостроении, нефтегазовой и энергетической отраслях.;;0;;;;;NOE119CS0DrvpdxpEiaj;;0;0;0;0;http://project17325576.tilda.ws/tproduct/149686262962-stanok-tokarnii-patronno-tsentrovoi-s-ch",,,,,,,,,,,,,,,,,,,,
"STANOK.rt305m;ТД РУССтанкоСбыт;STANOK.rt305m;;Станки;Станки>>>Станки с ЧПУ;Станок токарно-давильный с числовым программным управлением РТ305М;Станок токарно-давильный с ЧПУ РТ305М для комбинированной токарной и давильной обработки деталей вращения по программируемым траекториям.;Станок токарно-давильный с числовым программным управлением РТ305М предназначен для комбинированной токарной и давильной обработки тонкостенных и массивных заготовок вращения. Он позволяет в одном установе выполнять точение, формообразующее давление роликами и гибку, что сокращает количество переустановок и повышает точность получения конечного профиля. Благодаря применению системы ЧПУ оператор задаёт траектории движения инструмента и давильных роликов, обеспечивая повторяемость и стабильность результатов при серийном и мелкосерийном производстве. Конструкция станка рассчитана на высокие радиальные нагрузки, возникающие при давильных операциях, и обеспечивает жёсткость, необходимую для работы с различными марками сталей и цветных сплавов. РТ305М применяется при изготовлении обечаек, фланцев, корпусных деталей, элементов резервуаров и других изделий, где требуется точное формирование наружных и внутренних поверхностей вращения. Использование ЧПУ позволяет реализовывать сложные профили и быстро переналаживать станок под новые изделия на основании сохранённых программ.;;0;;;;;lxxMxLGbXX8ah5vci6ki;;0;0;0;0;http://project17325576.tilda.ws/tproduct/808909080772-stanok-tokarno-davilnii-s-chislovim-prog",,"STANOK.rt305m;ТД РУССтанкоСбыт;STANOK.rt305m;;Станки;Станки>>>Станки с ЧПУ;Станок токарно-давильный с числовым программным управлением РТ305М;Станок токарно-давильный с ЧПУ РТ305М для комбинированной токарной и давильной обработки деталей вращения по программируемым траекториям.;Станок токарно-давильный с числовым программным управлением РТ305М предназначен для комбинированной токарной и давильной обработки тонкостенных и массивных заготовок вращения. Он позволяет в одном установе выполнять точение, формообразующее давление роликами и гибку, что сокращает количество переустановок и повышает точность получения конечного профиля. Благодаря применению системы ЧПУ оператор задаёт траектории движения инструмента и давильных роликов, обеспечивая повторяемость и стабильность результатов при серийном и мелкосерийном производстве. Конструкция станка рассчитана на высокие радиальные нагрузки, возникающие при давильных операциях, и обеспечивает жёсткость, необходимую для работы с различными марками сталей и цветных сплавов. РТ305М применяется при изготовлении обечаек, фланцев, корпусных деталей, элементов резервуаров и других изделий, где требуется точное формирование наружных и внутренних поверхностей вращения. Использование ЧПУ позволяет реализовывать сложные профили и быстро переналаживать станок под новые изделия на основании сохранённых программ.;;0;;;;;lxxMxLGbXX8ah5vci6ki;;0;0;0;0;http://project17325576.tilda.ws/tproduct/808909080772-stanok-tokarno-davilnii-s-chislovim-prog",,,,,,,,,,,,,,,,,,,,
"STANOK.16a20f3;ТД РУССтанкоСбыт;STANOK.16a20f3;;Станки;Станки>>>Станки с ЧПУ;Станок токарный патронно-центровой с числовым программным управлением 16А20Ф3;Станок токарный патронно-центровой с ЧПУ 16А20Ф3 для высокоточной обработки деталей диаметром до 400 мм в условиях серийного производства.;Станок токарный патронно-центровой с числовым программным управлением 16А20Ф3 предназначен для высокоточной обработки деталей сложного профиля в условиях мелкосерийного и серийного производства. Он оснащён современной системой ЧПУ, которая обеспечивает автоматизированное выполнение токарных операций, повышенную повторяемость и минимизацию влияния человеческого фактора. Конструкция станка обеспечивает высокую жёсткость и точность, что позволяет поддерживать стабильное качество обработки при длительной эксплуатации. Наибольший диаметр обрабатываемой заготовки над станиной составляет около 400 мм, над суппортом — порядка 200 мм, при длине заготовки до 1000 мм. Диапазон частоты вращения шпинделя порядка 45–2240 об/мин позволяет реализовать как черновые, так и чистовые режимы обработки. Мощность главного привода около 11 кВт обеспечивает достаточный запас по моменту для обработки конструкционных и легированных сталей, цветных металлов и сплавов. Станок широко применяется в высокоточном машиностроении, авиационной промышленности, приборостроении и автоматизированных производственных линиях. Использование ЧПУ даёт возможность программировать сложные контуры, быстро переналаживать станок под новые партии деталей и интегрировать его в цифровые технологические цепочки.;;0;;;;;lYehZDyYYPKBIzsAgvtx;;0;0;0;0;http://project17325576.tilda.ws/tproduct/330983066072-stanok-tokarnii-patronno-tsentrovoi-s-ch",,"STANOK.16a20f3;ТД РУССтанкоСбыт;STANOK.16a20f3;;Станки;Станки>>>Станки с ЧПУ;Станок токарный патронно-центровой с числовым программным управлением 16А20Ф3;Станок токарный патронно-центровой с ЧПУ 16А20Ф3 для высокоточной обработки деталей диаметром до 400 мм в условиях серийного производства.;Станок токарный патронно-центровой с числовым программным управлением 16А20Ф3 предназначен для высокоточной обработки деталей сложного профиля в условиях мелкосерийного и серийного производства. Он оснащён современной системой ЧПУ, которая обеспечивает автоматизированное выполнение токарных операций, повышенную повторяемость и минимизацию влияния человеческого фактора. Конструкция станка обеспечивает высокую жёсткость и точность, что позволяет поддерживать стабильное качество обработки при длительной эксплуатации. Наибольший диаметр обрабатываемой заготовки над станиной составляет около 400 мм, над суппортом — порядка 200 мм, при длине заготовки до 1000 мм. Диапазон частоты вращения шпинделя порядка 45–2240 об/мин позволяет реализовать как черновые, так и чистовые режимы обработки. Мощность главного привода около 11 кВт обеспечивает достаточный запас по моменту для обработки конструкционных и легированных сталей, цветных металлов и сплавов. Станок широко применяется в высокоточном машиностроении, авиационной промышленности, приборостроении и автоматизированных производственных линиях. Использование ЧПУ даёт возможность программировать сложные контуры, быстро переналаживать станок под новые партии деталей и интегрировать его в цифровые технологические цепочки.;;0;;;;;lYehZDyYYPKBIzsAgvtx;;0;0;0;0;http://project17325576.tilda.ws/tproduct/330983066072-stanok-tokarnii-patronno-tsentrovoi-s-ch",,,,,,,,,,,,,,,,,,,,
"STANOK.rt779f3;ТД РУССтанкоСбыт;STANOK.rt779f3;;Станки;Станки>>>Станки с ЧПУ;Станок токарный трубонарезной с числовым программным управлением РТ779Ф3;Станок токарный трубонарезной с ЧПУ РТ779Ф3 для токарной обработки и нарезания резьб на трубах и трубных заготовках.;Станок токарный трубонарезной с числовым программным управлением РТ779Ф3 предназначен для комплексной обработки труб и трубных заготовок различного диаметра. Основные задачи станка — точное токарное обтачивание, нарезание наружных и внутренних резьб, торцевание и растачивание концов труб. Специализированная конструкция шпиндельного узла и системы зажима обеспечивает надёжную фиксацию длинномерных заготовок и минимизацию биений при вращении. Применение системы ЧПУ позволяет программировать резьбовые профили и циклы обработки посадочных мест и торцевых поверхностей, а также автоматизировать последовательность операций. Это особенно востребовано в нефтегазовой промышленности, при производстве трубопроводной арматуры, бурильных и обсадных труб, а также при ремонте трубопроводов. Станок обеспечивает высокую точность шага и профиля резьбы и стабильно поддерживает геометрию посадочных поверхностей при многосменной работе.;;0;;;;;P6ANfbhEu2JpdxkEhn2C;;0;0;0;0;http://project17325576.tilda.ws/tproduct/232417110122-stanok-tokarnii-trubonareznoi-s-chislovi",,"STANOK.rt779f3;ТД РУССтанкоСбыт;STANOK.rt779f3;;Станки;Станки>>>Станки с ЧПУ;Станок токарный трубонарезной с числовым программным управлением РТ779Ф3;Станок токарный трубонарезной с ЧПУ РТ779Ф3 для токарной обработки и нарезания резьб на трубах и трубных заготовках.;Станок токарный трубонарезной с числовым программным управлением РТ779Ф3 предназначен для комплексной обработки труб и трубных заготовок различного диаметра. Основные задачи станка — точное токарное обтачивание, нарезание наружных и внутренних резьб, торцевание и растачивание концов труб. Специализированная конструкция шпиндельного узла и системы зажима обеспечивает надёжную фиксацию длинномерных заготовок и минимизацию биений при вращении. Применение системы ЧПУ позволяет программировать резьбовые профили и циклы обработки посадочных мест и торцевых поверхностей, а также автоматизировать последовательность операций. Это особенно востребовано в нефтегазовой промышленности, при производстве трубопроводной арматуры, бурильных и обсадных труб, а также при ремонте трубопроводов. Станок обеспечивает высокую точность шага и профиля резьбы и стабильно поддерживает геометрию посадочных поверхностей при многосменной работе.;;0;;;;;P6ANfbhEu2JpdxkEhn2C;;0;0;0;0;http://project17325576.tilda.ws/tproduct/232417110122-stanok-tokarnii-trubonareznoi-s-chislovi",,,,,,,,,,,,,,,,,,,,
SPINDELBABKAZBOR.DIP300;ТД РУССтанкоСбыт;SPINDELBABKAZBOR.DIP300;;Узлы токарных станков;Узлы токарных станков>>>Шпиндельные бабки;Шпиндельная бабка в сборе ДИП300;;;;0;1;;;Параметр1:Шпиндельные бабки;0fsDRRFmszXulEOoDrrb;;0;0;0;0;http://project17325576.tilda.ws/tproduct/153936726292-shpindelnaya-babka-v-sbore-dip300,,SPINDELBABKAZBOR.DIP300;ТД РУССтанкоСбыт;SPINDELBABKAZBOR.DIP300;;Узлы токарных станков;Узлы токарных станков>>>Шпиндельные бабки;Шпиндельная бабка в сборе ДИП300;;;;0;1;;;Параметр1:Шпиндельные бабки;0fsDRRFmszXulEOoDrrb;;0;0;0;0;http://project17325576.tilda.ws/tproduct/153936726292-shpindelnaya-babka-v-sbore-dip300,,,,,,,,,,,,,,,,,,,,
SPINDELBABKAZBOR.1M63;ТД РУССтанкоСбыт;SPINDELBABKAZBOR.1M63;;Узлы токарных станков;Узлы токарных станков>>>Шпиндельные бабки;Шпиндельная бабка в сборе 1М63;;;;0;1;;;Параметр1:Шпиндельные бабки;INcXFhr7jjkvvjrxVCNT;;0;0;0;0;http://project17325576.tilda.ws/tproduct/559838767552-shpindelnaya-babka-v-sbore-1m63,,SPINDELBABKAZBOR.1M63;ТД РУССтанкоСбыт;SPINDELBABKAZBOR.1M63;;Узлы токарных станков;Узлы токарных станков>>>Шпиндельные бабки;Шпиндельная бабка в сборе 1М63;;;;0;1;;;Параметр1:Шпиндельные бабки;INcXFhr7jjkvvjrxVCNT;;0;0;0;0;http://project17325576.tilda.ws/tproduct/559838767552-shpindelnaya-babka-v-sbore-1m63,,,,,,,,,,,,,,,,,,,,
SPINDELBABKAZBOR.16K40;ТД РУССтанкоСбыт;SPINDELBABKAZBOR.16K40;;Узлы токарных станков;Узлы токарных станков>>>Шпиндельные бабки;Шпиндельная бабка в сборе 16К40;;;;0;1;;;Параметр1:Шпиндельные бабки;OFbbJmM8MhzaHoKSEZrB;;0;0;0;0;http://project17325576.tilda.ws/tproduct/797003904742-shpindelnaya-babka-v-sbore-16k40,,SPINDELBABKAZBOR.16K40;ТД РУССтанкоСбыт;SPINDELBABKAZBOR.16K40;;Узлы токарных станков;Узлы токарных станков>>>Шпиндельные бабки;Шпиндельная бабка в сборе 16К40;;;;0;1;;;Параметр1:Шпиндельные бабки;OFbbJmM8MhzaHoKSEZrB;;0;0;0;0;http://project17325576.tilda.ws/tproduct/797003904742-shpindelnaya-babka-v-sbore-16k40,,,,,,,,,,,,,,,,,,,,
SPINDELBABKAZBOR.1H983;ТД РУССтанкоСбыт;SPINDELBABKAZBOR.1H983;;Узлы токарных станков;Узлы токарных станков>>>Шпиндельные бабки;Шпиндельная бабка в сборе 1Н983;;;;0;1;;;Параметр1:Шпиндельные бабки;fJsZKr3hygTD9DBnBhXd;;0;0;0;0;http://project17325576.tilda.ws/tproduct/678423612052-shpindelnaya-babka-v-sbore-1n983,,SPINDELBABKAZBOR.1H983;ТД РУССтанкоСбыт;SPINDELBABKAZBOR.1H983;;Узлы токарных станков;Узлы токарных станков>>>Шпиндельные бабки;Шпиндельная бабка в сборе 1Н983;;;;0;1;;;Параметр1:Шпиндельные бабки;fJsZKr3hygTD9DBnBhXd;;0;0;0;0;http://project17325576.tilda.ws/tproduct/678423612052-shpindelnaya-babka-v-sbore-1n983,,,,,,,,,,,,,,,,,,,,
SPINDELBABKAZBOR.1A983;ТД РУССтанкоСбыт;SPINDELBABKAZBOR.1A983;;Узлы токарных станков;Узлы токарных станков>>>Шпиндельные бабки;Шпиндельная бабка в сборе 1А983;;;;0;1;;;Параметр1:Шпиндельные бабки;bTlAtbHsoKjPZr5XdHJ3;;0;0;0;0;http://project17325576.tilda.ws/tproduct/900816916122-shpindelnaya-babka-v-sbore-1a983,,SPINDELBABKAZBOR.1A983;ТД РУССтанкоСбыт;SPINDELBABKAZBOR.1A983;;Узлы токарных станков;Узлы токарных станков>>>Шпиндельные бабки;Шпиндельная бабка в сборе 1А983;;;;0;1;;;Параметр1:Шпиндельные бабки;bTlAtbHsoKjPZr5XdHJ3;;0;0;0;0;http://project17325576.tilda.ws/tproduct/900816916122-shpindelnaya-babka-v-sbore-1a983,,,,,,,,,,,,,,,,,,,,
SPINDELBABKAZBOR.16M30;ТД РУССтанкоСбыт;SPINDELBABKAZBOR.16M30;;Узлы токарных станков;Узлы токарных станков>>>Шпиндельные бабки;Шпиндельная бабка в сборе 16М30;;;;0;1;;;Параметр1:Шпиндельные бабки;MjUMDN4vcdnVGGoep5Cm;;0;0;0;0;http://project17325576.tilda.ws/tproduct/229904847242-shpindelnaya-babka-v-sbore-16m30,,SPINDELBABKAZBOR.16M30;ТД РУССтанкоСбыт;SPINDELBABKAZBOR.16M30;;Узлы токарных станков;Узлы токарных станков>>>Шпиндельные бабки;Шпиндельная бабка в сборе 16М30;;;;0;1;;;Параметр1:Шпиндельные бабки;MjUMDN4vcdnVGGoep5Cm;;0;0;0;0;http://project17325576.tilda.ws/tproduct/229904847242-shpindelnaya-babka-v-sbore-16m30,,,,,,,,,,,,,,,,,,,,
SPINDELBABKAZBOR.DIP500;ТД РУССтанкоСбыт;SPINDELBABKAZBOR.DIP500;;Узлы токарных станков;Узлы токарных станков>>>Шпиндельные бабки;Шпиндельная бабка в сборе ДИП500;;;;0;1;;;Параметр1:Шпиндельные бабки;ez6vpFjYgl3NPDXotAdi;;0;0;0;0;http://project17325576.tilda.ws/tproduct/367298764072-shpindelnaya-babka-v-sbore-dip500,,SPINDELBABKAZBOR.DIP500;ТД РУССтанкоСбыт;SPINDELBABKAZBOR.DIP500;;Узлы токарных станков;Узлы токарных станков>>>Шпиндельные бабки;Шпиндельная бабка в сборе ДИП500;;;;0;1;;;Параметр1:Шпиндельные бабки;ez6vpFjYgl3NPDXotAdi;;0;0;0;0;http://project17325576.tilda.ws/tproduct/367298764072-shpindelnaya-babka-v-sbore-dip500,,,,,,,,,,,,,,,,,,,,
SPINDELBABKAZBOR.1M65;ТД РУССтанкоСбыт;SPINDELBABKAZBOR.1M65;;Узлы токарных станков;Узлы токарных станков>>>Шпиндельные бабки;Шпиндельная бабка в сборе 1М65;;;;0;1;;;Параметр1:Шпиндельные бабки;Gee9OzTJNnjPdDX8OjTp;;0;0;0;0;http://project17325576.tilda.ws/tproduct/164226190572-shpindelnaya-babka-v-sbore-1m65,,SPINDELBABKAZBOR.1M65;ТД РУССтанкоСбыт;SPINDELBABKAZBOR.1M65;;Узлы токарных станков;Узлы токарных станков>>>Шпиндельные бабки;Шпиндельная бабка в сборе 1М65;;;;0;1;;;Параметр1:Шпиндельные бабки;Gee9OzTJNnjPdDX8OjTp;;0;0;0;0;http://project17325576.tilda.ws/tproduct/164226190572-shpindelnaya-babka-v-sbore-1m65,,,,,,,,,,,,,,,,,,,,
SPINDELBABKAZBOR.1H65;ТД РУССтанкоСбыт;SPINDELBABKAZBOR.1H65;;Узлы токарных станков;Узлы токарных станков>>>Шпиндельные бабки;Шпиндельная бабка в сборе 1Н65;;;;0;1;;;Параметр1:Шпиндельные бабки;b7VOMvlrTkLlM2ru6MyR;;0;0;0;0;http://project17325576.tilda.ws/tproduct/699116831212-shpindelnaya-babka-v-sbore-1n65,,SPINDELBABKAZBOR.1H65;ТД РУССтанкоСбыт;SPINDELBABKAZBOR.1H65;;Узлы токарных станков;Узлы токарных станков>>>Шпиндельные бабки;Шпиндельная бабка в сборе 1Н65;;;;0;1;;;Параметр1:Шпиндельные бабки;b7VOMvlrTkLlM2ru6MyR;;0;0;0;0;http://project17325576.tilda.ws/tproduct/699116831212-shpindelnaya-babka-v-sbore-1n65,,,,,,,,,,,,,,,,,,,,
SPINDELBABKAZBOR.RT817;ТД РУССтанкоСбыт;SPINDELBABKAZBOR.RT817;;Узлы токарных станков;Узлы токарных станков>>>Шпиндельные бабки;Шпиндельная бабка в сборе РТ817;;;;0;1;;;Параметр1:Шпиндельные бабки;tz6RPbYbjxfvP73GiH4Y;;0;0;0;0;http://project17325576.tilda.ws/tproduct/349559592042-shpindelnaya-babka-v-sbore-rt817,,SPINDELBABKAZBOR.RT817;ТД РУССтанкоСбыт;SPINDELBABKAZBOR.RT817;;Узлы токарных станков;Узлы токарных станков>>>Шпиндельные бабки;Шпиндельная бабка в сборе РТ817;;;;0;1;;;Параметр1:Шпиндельные бабки;tz6RPbYbjxfvP73GiH4Y;;0;0;0;0;http://project17325576.tilda.ws/tproduct/349559592042-shpindelnaya-babka-v-sbore-rt817,,,,,,,,,,,,,,,,,,,,
SPINDELBABKAZBOR.RT117;ТД РУССтанкоСбыт;SPINDELBABKAZBOR.RT117;;Узлы токарных станков;Узлы токарных станков>>>Шпиндельные бабки;Шпиндельная бабка в сборе РТ117;;;;0;1;;;Параметр1:Шпиндельные бабки;uhxz5Ptd1tuSJaC6HVl3;;0;0;0;0;http://project17325576.tilda.ws/tproduct/928482416652-shpindelnaya-babka-v-sbore-rt117,,SPINDELBABKAZBOR.RT117;ТД РУССтанкоСбыт;SPINDELBABKAZBOR.RT117;;Узлы токарных станков;Узлы токарных станков>>>Шпиндельные бабки;Шпиндельная бабка в сборе РТ117;;;;0;1;;;Параметр1:Шпиндельные бабки;uhxz5Ptd1tuSJaC6HVl3;;0;0;0;0;http://project17325576.tilda.ws/tproduct/928482416652-shpindelnaya-babka-v-sbore-rt117,,,,,,,,,,,,,,,,,,,,
SPINDELBABKAZBOR.RT917;ТД РУССтанкоСбыт;SPINDELBABKAZBOR.RT917;;Узлы токарных станков;Узлы токарных станков>>>Шпиндельные бабки;Шпиндельная бабка в сборе РТ917;;;;0;1;;;Параметр1:Шпиндельные бабки;1BnvzFgJ4gM6mJC6NZyP;;0;0;0;0;http://project17325576.tilda.ws/tproduct/604749081482-shpindelnaya-babka-v-sbore-rt917,,SPINDELBABKAZBOR.RT917;ТД РУССтанкоСбыт;SPINDELBABKAZBOR.RT917;;Узлы токарных станков;Узлы токарных станков>>>Шпиндельные бабки;Шпиндельная бабка в сборе РТ917;;;;0;1;;;Параметр1:Шпиндельные бабки;1BnvzFgJ4gM6mJC6NZyP;;0;0;0;0;http://project17325576.tilda.ws/tproduct/604749081482-shpindelnaya-babka-v-sbore-rt917,,,,,,,,,,,,,,,,,,,,
ZADNBABKAZBOR.DIP300;ТД РУССтанкоСбыт;ZADNBABKAZBOR.DIP300;;Узлы токарных станков;Узлы токарных станков>>>Задние бабки;Задняя бабка в сборе ДИП300;;;;0;1;;;Параметр1:Задние бабки;rHdDzRjU8OgV011TNerU;;0;0;0;0;http://project17325576.tilda.ws/tproduct/917704858582-zadnyaya-babka-v-sbore-dip300,,ZADNBABKAZBOR.DIP300;ТД РУССтанкоСбыт;ZADNBABKAZBOR.DIP300;;Узлы токарных станков;Узлы токарных станков>>>Задние бабки;Задняя бабка в сборе ДИП300;;;;0;1;;;Параметр1:Задние бабки;rHdDzRjU8OgV011TNerU;;0;0;0;0;http://project17325576.tilda.ws/tproduct/917704858582-zadnyaya-babka-v-sbore-dip300,,,,,,,,,,,,,,,,,,,,
ZADNBABKAZBOR.1M63;ТД РУССтанкоСбыт;ZADNBABKAZBOR.1M63;;Узлы токарных станков;Узлы токарных станков>>>Задние бабки;Задняя бабка в сборе 1М63;;;;0;1;;;Параметр1:Задние бабки;R70rPeCoBOmyyR7D9PSC;;0;0;0;0;http://project17325576.tilda.ws/tproduct/366333055382-zadnyaya-babka-v-sbore-1m63,,ZADNBABKAZBOR.1M63;ТД РУССтанкоСбыт;ZADNBABKAZBOR.1M63;;Узлы токарных станков;Узлы токарных станков>>>Задние бабки;Задняя бабка в сборе 1М63;;;;0;1;;;Параметр1:Задние бабки;R70rPeCoBOmyyR7D9PSC;;0;0;0;0;http://project17325576.tilda.ws/tproduct/366333055382-zadnyaya-babka-v-sbore-1m63,,,,,,,,,,,,,,,,,,,,
ZADNBABKAZBOR.16K40;ТД РУССтанкоСбыт;ZADNBABKAZBOR.16K40;;Узлы токарных станков;Узлы токарных станков>>>Задние бабки;Задняя бабка в сборе 16К40;;;;0;1;;;Параметр1:Задние бабки;ogN6f4fnS4R2XzvC0CrS;;0;0;0;0;http://project17325576.tilda.ws/tproduct/271558503732-zadnyaya-babka-v-sbore-16k40,,ZADNBABKAZBOR.16K40;ТД РУССтанкоСбыт;ZADNBABKAZBOR.16K40;;Узлы токарных станков;Узлы токарных станков>>>Задние бабки;Задняя бабка в сборе 16К40;;;;0;1;;;Параметр1:Задние бабки;ogN6f4fnS4R2XzvC0CrS;;0;0;0;0;http://project17325576.tilda.ws/tproduct/271558503732-zadnyaya-babka-v-sbore-16k40,,,,,,,,,,,,,,,,,,,,
ZADNBABKAZBOR.RT5004;ТД РУССтанкоСбыт;ZADNBABKAZBOR.RT5004;;Узлы токарных станков;Узлы токарных станков>>>Задние бабки;Задняя бабка в сборе РТ5004;;;;0;1;;;Параметр1:Задние бабки;R4A0t4CbhBAEim3S5Spb;;0;0;0;0;http://project17325576.tilda.ws/tproduct/786745393272-zadnyaya-babka-v-sbore-rt5004,,ZADNBABKAZBOR.RT5004;ТД РУССтанкоСбыт;ZADNBABKAZBOR.RT5004;;Узлы токарных станков;Узлы токарных станков>>>Задние бабки;Задняя бабка в сборе РТ5004;;;;0;1;;;Параметр1:Задние бабки;R4A0t4CbhBAEim3S5Spb;;0;0;0;0;http://project17325576.tilda.ws/tproduct/786745393272-zadnyaya-babka-v-sbore-rt5004,,,,,,,,,,,,,,,,,,,,
ZADNBABKAZBOR.1N983;ТД РУССтанкоСбыт;ZADNBABKAZBOR.1N983;;Узлы токарных станков;Узлы токарных станков>>>Задние бабки;Задняя бабка в сборе 1Н983;;;;0;1;;;Параметр1:Задние бабки;1EbTX7BfGhmH2fsuRrdU;;0;0;0;0;http://project17325576.tilda.ws/tproduct/446701341552-zadnyaya-babka-v-sbore-1n983,,ZADNBABKAZBOR.1N983;ТД РУССтанкоСбыт;ZADNBABKAZBOR.1N983;;Узлы токарных станков;Узлы токарных станков>>>Задние бабки;Задняя бабка в сборе 1Н983;;;;0;1;;;Параметр1:Задние бабки;1EbTX7BfGhmH2fsuRrdU;;0;0;0;0;http://project17325576.tilda.ws/tproduct/446701341552-zadnyaya-babka-v-sbore-1n983,,,,,,,,,,,,,,,,,,,,
ZADNBABKAZBOR.1A64;ТД РУССтанкоСбыт;ZADNBABKAZBOR.1A64;;Узлы токарных станков;Узлы токарных станков>>>Задние бабки;Задняя бабка в сборе 1А64;;;;0;1;;;Параметр1:Задние бабки;hL8TxK4SBJUOC6URo4Ut;;0;0;0;0;http://project17325576.tilda.ws/tproduct/852327143482-zadnyaya-babka-v-sbore-1a64,,ZADNBABKAZBOR.1A64;ТД РУССтанкоСбыт;ZADNBABKAZBOR.1A64;;Узлы токарных станков;Узлы токарных станков>>>Задние бабки;Задняя бабка в сборе 1А64;;;;0;1;;;Параметр1:Задние бабки;hL8TxK4SBJUOC6URo4Ut;;0;0;0;0;http://project17325576.tilda.ws/tproduct/852327143482-zadnyaya-babka-v-sbore-1a64,,,,,,,,,,,,,,,,,,,,
ZADNBABKAZBOR.RT502;ТД РУССтанкоСбыт;ZADNBABKAZBOR.RT502;;Узлы токарных станков;Узлы токарных станков>>>Задние бабки;Задняя бабка в сборе РТ502;;;;0;1;;;Параметр1:Задние бабки;XFGJTeES4R3Bxv7o9NgB;;0;0;0;0;http://project17325576.tilda.ws/tproduct/289605950632-zadnyaya-babka-v-sbore-rt502,,ZADNBABKAZBOR.RT502;ТД РУССтанкоСбыт;ZADNBABKAZBOR.RT502;;Узлы токарных станков;Узлы токарных станков>>>Задние бабки;Задняя бабка в сборе РТ502;;;;0;1;;;Параметр1:Задние бабки;XFGJTeES4R3Bxv7o9NgB;;0;0;0;0;http://project17325576.tilda.ws/tproduct/289605950632-zadnyaya-babka-v-sbore-rt502,,,,,,,,,,,,,,,,,,,,
ZADNBABKAZBOR.DIP500;ТД РУССтанкоСбыт;ZADNBABKAZBOR.DIP500;;Узлы токарных станков;Узлы токарных станков>>>Задние бабки;Задняя бабка в сборе ДИП500;;;;0;1;;;Параметр1:Задние бабки;CHVDu9J4mPmEp0zVhLgG;;0;0;0;0;http://project17325576.tilda.ws/tproduct/866006765662-zadnyaya-babka-v-sbore-dip500,,ZADNBABKAZBOR.DIP500;ТД РУССтанкоСбыт;ZADNBABKAZBOR.DIP500;;Узлы токарных станков;Узлы токарных станков>>>Задние бабки;Задняя бабка в сборе ДИП500;;;;0;1;;;Параметр1:Задние бабки;CHVDu9J4mPmEp0zVhLgG;;0;0;0;0;http://project17325576.tilda.ws/tproduct/866006765662-zadnyaya-babka-v-sbore-dip500,,,,,,,,,,,,,,,,,,,,
ZADNBABKAZBOR.1N65;ТД РУССтанкоСбыт;ZADNBABKAZBOR.1N65;;Узлы токарных станков;Узлы токарных станков>>>Задние бабки;Задняя бабка в сборе 1Н65;;;;0;1;;;Параметр1:Задние бабки;9mN0xsJ04LXpOh9mFn7E;;0;0;0;0;http://project17325576.tilda.ws/tproduct/996890948142-zadnyaya-babka-v-sbore-1n65,,ZADNBABKAZBOR.1N65;ТД РУССтанкоСбыт;ZADNBABKAZBOR.1N65;;Узлы токарных станков;Узлы токарных станков>>>Задние бабки;Задняя бабка в сборе 1Н65;;;;0;1;;;Параметр1:Задние бабки;9mN0xsJ04LXpOh9mFn7E;;0;0;0;0;http://project17325576.tilda.ws/tproduct/996890948142-zadnyaya-babka-v-sbore-1n65,,,,,,,,,,,,,,,,,,,,
ZADNBABKAZBOR.1M65;ТД РУССтанкоСбыт;ZADNBABKAZBOR.1M65;;Узлы токарных станков;Узлы токарных станков>>>Задние бабки;Задняя бабка в сборе 1М65;;;;0;1;;;Параметр1:Задние бабки;8VO54XJ2yjlyez2CjTCl;;0;0;0;0;http://project17325576.tilda.ws/tproduct/235878133992-zadnyaya-babka-v-sbore-1m65,,ZADNBABKAZBOR.1M65;ТД РУССтанкоСбыт;ZADNBABKAZBOR.1M65;;Узлы токарных станков;Узлы токарных станков>>>Задние бабки;Задняя бабка в сборе 1М65;;;;0;1;;;Параметр1:Задние бабки;8VO54XJ2yjlyez2CjTCl;;0;0;0;0;http://project17325576.tilda.ws/tproduct/235878133992-zadnyaya-babka-v-sbore-1m65,,,,,,,,,,,,,,,,,,,,
