Артикул,Комментарий
KOLZUBPERBABK.1658_1658_15_187,нет фото — требуется ручная/AI-проверка
KOLZUBPERBABK.1658_1658_15_195,нет фото — требуется ручная/AI-проверка
KOLZUBPERBABK.16К30_20_153,нет фото — требуется ручная/AI-проверка
KOLZUBPERBABK.16К30_16К30_40_159,нет фото — требуется ручная/AI-проверка
KOLZUBPERBABK.16К30_16К30_40_161,нет фото — требуется ручная/AI-проверка
KOLZUBPERBABK.16К30_16К30_70_151,нет фото — требуется ручная/AI-проверка
KOLZUBPERBABK.16К30_16К30_70_152,нет фото — требуется ручная/AI-проверка
KOLZUBPERBABK.16К40_21_152,нет фото — требуется ручная/AI-проверка
KOLZUBPERBABK.16К40_21_153,нет фото — требуется ручная/AI-проверка
KOLZUBPERBABK.16К40_16К40_41_152,нет фото — требуется ручная/AI-проверка
KOLZUBPERBABK.16К40_16К40_51_152,нет фото — требуется ручная/AI-проверка
KOLZUBPERBABK.16К40_16К40_51_156,нет фото — требуется ручная/AI-проверка
KOLZUBPERBABK.1А64_02_348,нет фото — требуется ручная/AI-проверка
KOLZUBPERBABK.1А64_02_349,нет фото — требуется ручная/AI-проверка
KOLZUBPERBABK.1А64_02_381,нет фото — требуется ручная/AI-проверка
KOLZUBPERBABK.1А64_02_832,нет фото — требуется ручная/AI-проверка
KOLZUBPERBABK.1А64_02_841,нет фото — требуется ручная/AI-проверка
KOLZUBPERBABK.1А64_02_842,нет фото — требуется ручная/AI-проверка
KOLZUBPERBABK.1А64_02_848,нет фото — требуется ручная/AI-проверка
KOLZUBPERBABK.1А64_02_850,нет фото — требуется ручная/AI-проверка
KOLZUBPERBABK.1А64_02_851,нет фото — требуется ручная/AI-проверка
KOLZUBPERBABK.1А64_02_853,нет фото — требуется ручная/AI-проверка
