source;filename;rel_path;hash
drop;gaikihvp.jpg;gaikihvp.jpg;85d25d846909411d0fc4f74193a96f7e
drop;generated-image.png;generated-image.png;e1df0c9b51f6134475d08652f3bb9e9c
drop;generated_image_1.png;generated_image_1.png;7d32c1d5e0aa6a76fff4d298b6a397c9
tilda;k-zb-shpindel-1658-03-198&-().jpeg;k-zb-shpindel-1658-03-198&-().jpeg;9d72f4a97fa95cd747129308635a1c96
tilda;k-zb-shpindel-1658-03-198-().jpeg;k-zb-shpindel-1658-03-198-().jpeg;e8f900fab950c26d090770675ecd4124
drop;k-zb-shpindel-1658-03-200&-().jpeg;k-zb-shpindel-1658-03-200&-().jpeg;76924122ce02342e0d7ff19317b98be9
tilda;k-zb-shpindel-1658-03-200-().jpeg;k-zb-shpindel-1658-03-200-().jpeg;25887f6f5d6ddf836e3f3f2530efa300
drop;krols-CM2348-510-301-().jpeg;krols-CM2348-510-301-().jpeg;97a27b24c86badf9ce85b595f9ca05e9
drop;krols-KG-1841-02-001-011-().jpeg;krols-KG-1841-02-001-011-().jpeg;fe38df1faf4c841d15bdaa9ad113afb0
tilda;krols-KG-1841-8517-().jpeg;krols-KG-1841-8517-().jpeg;4c7e7cebe257e36caa70a82a214fb05b
drop;krols-KG-1842-02-001-026-().jpeg;krols-KG-1842-02-001-026-().jpeg;fcdbdbb4e3393a084cbffa267d52181b
drop;krols-LKT1181-7040-().jpeg;krols-LKT1181-7040-().jpeg;82ddd62088672e4abf5c771d55c5f19d
drop;krols_f130_rt301.41.151-().jpg;krols_f130_rt301.41.151-().jpg;7ed6097a8ed2de1161b518cf47b44461
drop;krols_f150_KG.1841.02.000-().jpg;krols_f150_KG.1841.02.000-().jpg;8a99dc90f9d89183f57a9c021fda8709
drop;krolu_f130_rt301.41.150.jpg;krolu_f130_rt301.41.150.jpg;6c3f7e422b819f6c7ea209b49fb48157
drop;Krolu_f150_cm2348.510.301-1.jpg;Krolu_f150_cm2348.510.301-1.jpg;3a4de2a1d7546e00684fdfbb9224ee1c
drop;Krolu_f150_cm2348.510.301-2.jpg;Krolu_f150_cm2348.510.301-2.jpg;63471bd9742347c36593a82cf00cce8a
drop;Krolu_f150_cm2348.510.301-3.jpg;Krolu_f150_cm2348.510.301-3.jpg;f38770dc2a3c2f25397609fb65a3053c
drop;Krolu_f150_cm2348.510.301-4.jpg;Krolu_f150_cm2348.510.301-4.jpg;747a01120d1885765c101225dc4695ec
drop;kuzl-f-1H65-().jpg;kuzl-f-1H65-().jpg;31281ee1eec72eb5a16fc8ba7afa9346
tilda;kuzl-kp-1H65-().jpg;kuzl-kp-1H65-().jpg;aafa0f452c367293767eaade4c8e051e
drop;kuzl-pb-1H65-().jpeg;kuzl-pb-1H65-().jpeg;284dbcbb08a33d73dc629f93e89a4b36
drop;Kuzl-polzsupport-1m63.JPG;Kuzl-polzsupport-1m63.JPG;20bbb868b21da0eb7dc85a0158798a9c
tilda;kuzl-shvp-.JPG;kuzl-shvp-.JPG;2e3466bc3098aa4b972cecd4ba0b64ed
tilda;kuzl-shvp-gaika.JPG;kuzl-shvp-gaika.JPG;9177cfba4849aaef954ca549b4db63ca
drop;kuzl-shvp-rezba.JPG;kuzl-shvp-rezba.JPG;2d0194fe8a3712b4856bb9e9ef192716
tilda;kuzl-shvp-vint.JPG;kuzl-shvp-vint.JPG;a4d123563ac35ffcfc52c76160a7c0ba
tilda;kuzl-shvp.JPG;kuzl-shvp.JPG;147a1b621cf90f9f120026275de8c0df
tilda;kuzl-vint.JPG;kuzl-vint.JPG;98b58053b01985bff2456df0e5a26c0a
drop;kuzl_fv_1M63_6-().jpg;kuzl_fv_1M63_6-().jpg;bee5e4bca010b56d96c87a91a0d40f73
drop;kuzl_fv_1M63_6_1-().jpg;kuzl_fv_1M63_6_1-().jpg;580189bc7f295fd9e3ea63cdf73e44ec
drop;kuzl_fv_1M63_6_2-().jpg;kuzl_fv_1M63_6_2-().jpg;145a7eb7fcbdcdda05960e27981a6d0b
drop;kuzl_f_kd_1M64_60_183-().jpg;kuzl_f_kd_1M64_60_183-().jpg;afaca49b1d41b1615c6ba88f2bd25ecd
drop;kuzl_f_rk_1H65-().jpg;kuzl_f_rk_1H65-().jpg;e4a9c68eb0a9a3778fd3ed4c34929e11
tilda;kuzl_f_vilka1M63_04_028-().jpeg;kuzl_f_vilka1M63_04_028-().jpeg;edddc01cbb74a2360e3180a2f2510fdb
drop;kuzl_klin_1M63_04_181-().jpg;kuzl_klin_1M63_04_181-().jpg;303bfb778a97a47a8f19262bbc84d1c8
drop;kuzl_kolco_1A64_05_201-().jpg;kuzl_kolco_1A64_05_201-().jpg;bff18e77285e52179d1458985e2cc5cb
drop;kuzl_kps_1H65-().jpg;kuzl_kps_1H65-().jpg;5305e14c9fde98cb29cfd5cb2091a446
drop;kuzl_ks_vint_-().jpg;kuzl_ks_vint_-().jpg;42f92e57ee225d53d8648fbbbaa57239
drop;kuzl_kyla4ki_s1-().jpg;kuzl_kyla4ki_s1-().jpg;0e26a63443f7f7f07df659d71dcf9e77
drop;kuzl_kyla4ki_s2-().jpg;kuzl_kyla4ki_s2-().jpg;ced2873c09d04948c4d8735ec140e802
tilda;kuzl_lunet_.jpg;kuzl_lunet_.jpg;a436e14382e4f1951aa46a9988af1c73
drop;kuzl_mo_1H65_60_900-().jpeg;kuzl_mo_1H65_60_900-().jpeg;9dac84ce504af67f34c17447a1609c72
drop;kuzl_mo_1H65_60_900_1-().jpg;kuzl_mo_1H65_60_900_1-().jpg;9624c1e2e0c915695472cddc53748144
drop;kuzl_mo_1H65_60_900_2-().jpg;kuzl_mo_1H65_60_900_2-().jpg;6ff8cde6c3d4fb89d137c5e8d1369cf5
drop;kuzl_patron_f1000-().jpg;kuzl_patron_f1000-().jpg;6558c320802395d6f5115290ce53c723
drop;kuzl_patron_f1000 — копия.jpg;kuzl_patron_f1000 — копия.jpg;d09de0a001939788396a803570753c8d
tilda;kuzl_pb_1H65-().jpg;kuzl_pb_1H65-().jpg;62be9db63679ce2dc95d8f8554ebdc6f
tilda;Kuzl_pb_val_1m63-().jpg;Kuzl_pb_val_1m63-().jpg;090317929ac1ca27fac2d68e40de14d3
drop;Kuzl_pb_val_1m65-()-().jpg;Kuzl_pb_val_1m65-()-().jpg;395dd5b6a49e0ff87ee8cc3904d91874
drop;Kuzl_pb_vilki_1m63-1.png;Kuzl_pb_vilki_1m63-1.png;348ea2e74d18ed9c5e5b28c486699649
drop;Kuzl_pb_vilki_1m63-2.png;Kuzl_pb_vilki_1m63-2.png;d480b454f4b0ee2da07b87799d2f6579
drop;Kuzl_ps_1m63_()-().jpg;Kuzl_ps_1m63_()-().jpg;427ab1bc651d19686c0a88305b560ee7
drop;kuzl_pvv_1H65_5_001-().jpg;kuzl_pvv_1H65_5_001-().jpg;cee1b74d4c93904c5b54c7a23155dcf8
drop;kuzl_pvv_1M65_5_001-().jpg;kuzl_pvv_1M65_5_001-().jpg;e1316deb79aafb501a8eb40ecebf7c39
drop;kuzl_pvv_1M65_5_001_-().jpg;kuzl_pvv_1M65_5_001_-().jpg;72f624367180b6d1cd0d850b9ee1fcf0
drop;kuzl_rev_16k30f3_40_000_1-().jpg;kuzl_rev_16k30f3_40_000_1-().jpg;f3e5ff67868a374d6153d8d1b743760e
drop;kuzl_rev_16k30f3_40_000_2-().jpg;kuzl_rev_16k30f3_40_000_2-().jpg;78b4a63cf3a3d29694617bc8700e9b1c
drop;Kuzl_rev_16M30F3_40_000_1-().jpg;Kuzl_rev_16M30F3_40_000_1-().jpg;dd26c21089f800a3c59520cbcf6420e2
drop;Kuzl_rev_16M30F3_40_000_2-().jpg;Kuzl_rev_16M30F3_40_000_2-().jpg;9aec50d91ef8642ac8a9284f9e7609f5
drop;Kuzl_rev_16M30F3_40_000_3-().jpg;Kuzl_rev_16M30F3_40_000_3-().jpg;81098f2f29af04fc5d58b79e9d940121
drop;Kuzl_rev_16M30F3_40_000_4-().jpg;Kuzl_rev_16M30F3_40_000_4-().jpg;91837f415e9acbeff76270382d372e08
drop;Kuzl_rev_1p756df3.40.000-1.jpg;Kuzl_rev_1p756df3.40.000-1.jpg;fa2a6c12f448b88b453e20a06c4943dd
drop;Kuzl_rev_1p756df3.40.000-2.jpg;Kuzl_rev_1p756df3.40.000-2.jpg;f2620be3a3c251793b27fa025fe876d3
drop;Kuzl_rev_1p756df3.40.000-3.jpg;Kuzl_rev_1p756df3.40.000-3.jpg;8733b7a9d1f73c519913caedc430a1d1
drop;Kuzl_rev_1p756df3.40.000-4.jpg;Kuzl_rev_1p756df3.40.000-4.jpg;41df7aca33dfe307e3b1612c585c2bfc
drop;kuzl_rez_16k20-().jpg;kuzl_rez_16k20-().jpg;b6fb2bdeb15bc7afe627c27de0ebf928
drop;Kuzl_rez_1H65_1-().jpg;Kuzl_rez_1H65_1-().jpg;7ebca4becd338dc9e0a8db004cd91880
drop;Kuzl_rez_1H65_2-().jpg;Kuzl_rez_1H65_2-().jpg;44e70fed4ed2106a02c9b4067a03b518
drop;Kuzl_rez_1М65.jpg;Kuzl_rez_1М65.jpg;607fd5574f1f2f1988338c04ad65002b
drop;Kuzl_rez_dip500.jpg;Kuzl_rez_dip500.jpg;cf4fa2bb10b3cb2613a61283df0e964c
drop;Kuzl_rez_rt817.jpg;Kuzl_rez_rt817.jpg;3970eba0b2c6d398918dba9eae4f9c31
drop;kuzl_rg_16m30f3_40_000.jpg;kuzl_rg_16m30f3_40_000.jpg;47ab57c072627e11782efea6634ce0c5
drop;Kuzl_rk_16K40-().jpg;Kuzl_rk_16K40-().jpg;0e6eff540f6c4d0e742c12294ab015b3
drop;Kuzl_rk_1M63-().jpg;Kuzl_rk_1M63-().jpg;563fc18e766e26e1bbd4fcbc021f6d20
drop;Kuzl_rk_1M65-().jpg;Kuzl_rk_1M65-().jpg;6c8eda26c5c12c8133566282996f020d
drop;Kuzl_support_1m65-1.jpg;Kuzl_support_1m65-1.jpg;2293adaf4f45172a3fc16afb13bc4ff3
drop;Kuzl_support_1n65.jpg;Kuzl_support_1n65.jpg;c63c20cd3786b57e39a10846ea37848a
drop;Kuzl_support_rt817.jpg;Kuzl_support_rt817.jpg;704f1a0ffeaa060f49fdf92502c62de1
tilda;kuzl_trap.JPG;kuzl_trap.JPG;8039fb9e77b3a43154a90d3f4653b2bf
drop;kuzl_vintkpatrony_f1000.jpg;kuzl_vintkpatrony_f1000.jpg;7c99a88a918c929d69756b91e9c8f39c
drop;Kuzl_zb_1m63-1.jpg;Kuzl_zb_1m63-1.jpg;aa65ca115e28bda859ee6c1af43d93a6
drop;Kuzl_zb_1m63-2.jpg;Kuzl_zb_1m63-2.jpg;358f6d2e1efa7bca75eed133768cdcae
drop;kuzl_zb_1m65_1658.jpg;kuzl_zb_1m65_1658.jpg;353d20e8a141a136ec7b3d79d9d79b2f
drop;kuzl_zb_1n65.jpg;kuzl_zb_1n65.jpg;f5459f3064a618c84d0eb202c910b9b7
drop;kuzl_zb_shpindel_1658_03_198-().jpg;kuzl_zb_shpindel_1658_03_198-().jpg;d9545236e2a000617c668075ce165eef
drop;kuzl_zb_shpindel_1658_03_200-().jpg;kuzl_zb_shpindel_1658_03_200-().jpg;3515748f5997aa307332dcbf734bbb13
drop;Kuzl__val_kz_165.02.410-1.jpg;Kuzl__val_kz_165.02.410-1.jpg;747e7fd08093095098317795977cdaeb
drop;Kuzl__val_kz_165.02.410-2.jpg;Kuzl__val_kz_165.02.410-2.jpg;8bf5224d19ee8751d310fd26522a13e4
drop;Kuzl__val_kz_165.02.410-3.jpg;Kuzl__val_kz_165.02.410-3.jpg;44d240eeac63533d34d08c1fb1a8fc8c
drop;kzul_gk_1H65_50_101-().jpg;kzul_gk_1H65_50_101-().jpg;37953d0beae27d41fa5ef9199c94f023
drop;kzul_val_1M63H_20_181-().jpg;kzul_val_1M63H_20_181-().jpg;0878c03967c33f5f0eb152875ce02032
drop;kzul_val_1M63H_20_182-().jpg;kzul_val_1M63H_20_182-().jpg;85cc36e4fbab429e24e08b010c9b360f
drop;kzul_val_1M63_21_236-().jpg;kzul_val_1M63_21_236-().jpg;8dc33be126bfff00b379d77d187ec93a
drop;kzul_vk_1H65_50_179-().jpg;kzul_vk_1H65_50_179-().jpg;db9c093811f9522ecaa2e7d0656fa98f
drop;photo_100@07-09-2025_18-47-54.jpg;photo_100@07-09-2025_18-47-54.jpg;6bd018f013ede24e015af7efdf98864b
drop;photo_100@07-09-2025_18-47-54_thumb.jpg;photo_100@07-09-2025_18-47-54_thumb.jpg;db65a057125a3d75ca056e6f35cc73a4
drop;photo_101@07-09-2025_18-47-54.jpg;photo_101@07-09-2025_18-47-54.jpg;7f3773868ac54100ec887930beabbb16
drop;photo_101@07-09-2025_18-47-54_thumb.jpg;photo_101@07-09-2025_18-47-54_thumb.jpg;80e8cb9ddad6720f34834fe46e621d62
drop;photo_102@07-09-2025_18-47-54.jpg;photo_102@07-09-2025_18-47-54.jpg;740fc996a8fda9f8b1a42924fa9c2ded
drop;photo_102@07-09-2025_18-47-54_thumb.jpg;photo_102@07-09-2025_18-47-54_thumb.jpg;7d978797f46eff33d55ccea277102b0d
drop;photo_103@07-09-2025_18-47-54.jpg;photo_103@07-09-2025_18-47-54.jpg;3cdc031479be74fd53aea26e484a01dc
drop;photo_103@07-09-2025_18-47-54_thumb.jpg;photo_103@07-09-2025_18-47-54_thumb.jpg;4b3c71d7f8415c54887e84f63abcab9d
drop;photo_104@07-09-2025_18-47-54.jpg;photo_104@07-09-2025_18-47-54.jpg;7cae6ca16330e9a488ee070b23c3a2ad
drop;photo_104@07-09-2025_18-47-54_thumb.jpg;photo_104@07-09-2025_18-47-54_thumb.jpg;410ad67b2da0afc4337614b1794282d3
drop;photo_105@07-09-2025_18-47-54.jpg;photo_105@07-09-2025_18-47-54.jpg;509741c70a2113f0ca7afdd9e4b85a1d
drop;photo_105@07-09-2025_18-47-54_thumb.jpg;photo_105@07-09-2025_18-47-54_thumb.jpg;deda0a1176c8b08c47050da9b78eca89
drop;photo_106@07-09-2025_18-47-54.jpg;photo_106@07-09-2025_18-47-54.jpg;a56e337bacfc7d76ef8c03e034779932
drop;photo_106@07-09-2025_18-47-54_thumb.jpg;photo_106@07-09-2025_18-47-54_thumb.jpg;3a1dde45ddaa85e97be716a7d306668c
drop;photo_11@06-09-2025_19-52-59.jpg;photo_11@06-09-2025_19-52-59.jpg;631ff5482ea10ca611e9548abccee341
drop;photo_11@06-09-2025_19-52-59_thumb.jpg;photo_11@06-09-2025_19-52-59_thumb.jpg;b53f0a282b2852f4d3238f8b04c9265b
drop;photo_12@06-09-2025_19-52-59.jpg;photo_12@06-09-2025_19-52-59.jpg;6727c4a54930b05d3487259c72cdc358
drop;photo_12@06-09-2025_19-52-59_thumb.jpg;photo_12@06-09-2025_19-52-59_thumb.jpg;fa0ebe524f9868eb5afe350f10651e60
drop;photo_133@04-10-2025_12-04-24.jpg;photo_133@04-10-2025_12-04-24.jpg;b4c21420f043c602b3aece3709dbd11e
drop;photo_133@04-10-2025_12-04-24_thumb.jpg;photo_133@04-10-2025_12-04-24_thumb.jpg;ccda90680f0dc8fc6bcb05032428c86c
drop;photo_134@04-10-2025_12-04-24.jpg;photo_134@04-10-2025_12-04-24.jpg;1b4fdffc59d86c14b69f0da04d6eae50
drop;photo_134@04-10-2025_12-04-24_thumb.jpg;photo_134@04-10-2025_12-04-24_thumb.jpg;29f45e712a0f52d837c928123a398ee1
drop;photo_135@04-10-2025_12-04-24.jpg;photo_135@04-10-2025_12-04-24.jpg;81c18b67f19e5f31d32d36bd5b46ba6a
drop;photo_135@04-10-2025_12-04-24_thumb.jpg;photo_135@04-10-2025_12-04-24_thumb.jpg;b6763ab9b6eb262ffe3e5dd56e6f5ad5
drop;photo_136@04-10-2025_12-04-24.jpg;photo_136@04-10-2025_12-04-24.jpg;235f23234ea7e90b8a72097e5dfe3313
drop;photo_136@04-10-2025_12-04-24_thumb.jpg;photo_136@04-10-2025_12-04-24_thumb.jpg;238bdf781b68eed687bd286dae89e4d2
drop;photo_137@04-10-2025_12-04-24.jpg;photo_137@04-10-2025_12-04-24.jpg;79b567adef53441887d29fc0884de68c
drop;photo_137@04-10-2025_12-04-24_thumb.jpg;photo_137@04-10-2025_12-04-24_thumb.jpg;d104a476a41fe82ecab6cdcce2f27148
drop;photo_138@04-10-2025_12-04-24.jpg;photo_138@04-10-2025_12-04-24.jpg;5ad317c256b309aaf443739d834c9a76
drop;photo_138@04-10-2025_12-04-24_thumb.jpg;photo_138@04-10-2025_12-04-24_thumb.jpg;b04256052e039d4595b39ee71670d19b
drop;photo_139@04-10-2025_12-04-24.jpg;photo_139@04-10-2025_12-04-24.jpg;17aad9eaca90ccea7876089b64e6f85d
drop;photo_139@04-10-2025_12-04-24_thumb.jpg;photo_139@04-10-2025_12-04-24_thumb.jpg;bd4af01c9a5ec0059af0b17c494422f7
drop;photo_13@06-09-2025_19-52-59.jpg;photo_13@06-09-2025_19-52-59.jpg;85ca26c00656983441bcbb5bd9209199
drop;photo_13@06-09-2025_19-52-59_thumb.jpg;photo_13@06-09-2025_19-52-59_thumb.jpg;9e3f34b1d2098de6efa529c777ccbbfd
drop;photo_140@04-10-2025_12-04-24.jpg;photo_140@04-10-2025_12-04-24.jpg;f1998b9df3caf9c57e817667c36e74a1
drop;photo_140@04-10-2025_12-04-24_thumb.jpg;photo_140@04-10-2025_12-04-24_thumb.jpg;2056aff3095cebff2c5bd9beb7b6edd9
drop;photo_141@04-10-2025_12-04-24.jpg;photo_141@04-10-2025_12-04-24.jpg;16d7fc616aedf8275b0c774b2cee0ef1
drop;photo_141@04-10-2025_12-04-24_thumb.jpg;photo_141@04-10-2025_12-04-24_thumb.jpg;73e79810e00b3a742d62ddf9a8e2bc7d
drop;photo_142@04-10-2025_12-04-24.jpg;photo_142@04-10-2025_12-04-24.jpg;03237d75a6b3f142ddd821aa1d137210
drop;photo_142@04-10-2025_12-04-24_thumb.jpg;photo_142@04-10-2025_12-04-24_thumb.jpg;f1366a6e502cbfd6bd2c5b3cb3b029ac
drop;photo_143@04-10-2025_12-04-24.jpg;photo_143@04-10-2025_12-04-24.jpg;c8e9413acbd20623674bab8aa8558e4f
drop;photo_143@04-10-2025_12-04-24_thumb.jpg;photo_143@04-10-2025_12-04-24_thumb.jpg;2d3682578bc9a955129c15d7cac0df3e
drop;photo_144@04-10-2025_12-04-24.jpg;photo_144@04-10-2025_12-04-24.jpg;07d73b3598d1f2455b5ef282d3950c9c
drop;photo_144@04-10-2025_12-04-24_thumb.jpg;photo_144@04-10-2025_12-04-24_thumb.jpg;b30613e1683187673c58653f06952814
drop;photo_145@04-10-2025_12-04-24.jpg;photo_145@04-10-2025_12-04-24.jpg;5ca25e0e68fc3566f31a03eb7bf146d9
drop;photo_145@04-10-2025_12-04-24_thumb.jpg;photo_145@04-10-2025_12-04-24_thumb.jpg;7be2e566047025a73657bd29330d4a26
drop;photo_146@04-10-2025_12-04-24.jpg;photo_146@04-10-2025_12-04-24.jpg;0b06ea6eb89953921575e5214b9491d0
drop;photo_146@04-10-2025_12-04-24_thumb.jpg;photo_146@04-10-2025_12-04-24_thumb.jpg;4a6c5b1623c57803fddfd5cae5e9dd99
drop;photo_147@04-10-2025_12-04-24.jpg;photo_147@04-10-2025_12-04-24.jpg;941887c0724ed3b4fa690ae9ef795934
drop;photo_147@04-10-2025_12-04-24_thumb.jpg;photo_147@04-10-2025_12-04-24_thumb.jpg;6c6bf2f564bac5746f2e56dba07f5300
drop;photo_148@04-10-2025_12-04-24.jpg;photo_148@04-10-2025_12-04-24.jpg;5897c656c48e8992bd11bccfc9a4a8c7
drop;photo_148@04-10-2025_12-04-24_thumb.jpg;photo_148@04-10-2025_12-04-24_thumb.jpg;83361154dbebc4bb97d019e2645d8167
drop;photo_149@05-10-2025_12-29-34.jpg;photo_149@05-10-2025_12-29-34.jpg;f3c527271c23a9a35b3c64bfe2c8bdf2
drop;photo_149@05-10-2025_12-29-34_thumb.jpg;photo_149@05-10-2025_12-29-34_thumb.jpg;f97c451a4a9e69b26bd60138ffac7e5b
drop;photo_14@06-09-2025_19-52-59.jpg;photo_14@06-09-2025_19-52-59.jpg;c6aab9ecd861b524d35174d2138c09ab
drop;photo_14@06-09-2025_19-52-59_thumb.jpg;photo_14@06-09-2025_19-52-59_thumb.jpg;7633f7ed8745ebf24825126d91f6801a
drop;photo_150@05-10-2025_12-29-34.jpg;photo_150@05-10-2025_12-29-34.jpg;6be67ea0e747719e9aa79437aafc92cc
drop;photo_150@05-10-2025_12-29-34_thumb.jpg;photo_150@05-10-2025_12-29-34_thumb.jpg;425a0e4fff6888ffde0b5e18d2a33355
drop;photo_151@05-10-2025_12-29-34.jpg;photo_151@05-10-2025_12-29-34.jpg;a1f756aa2bfee259f718199cf705c3d2
drop;photo_151@05-10-2025_12-29-34_thumb.jpg;photo_151@05-10-2025_12-29-34_thumb.jpg;979dea3419e07f3dc79f15a8a1cb7ecd
drop;photo_152@05-10-2025_12-29-34.jpg;photo_152@05-10-2025_12-29-34.jpg;aadc0ee5e647f8bfa05a7ae18495c5f2
drop;photo_152@05-10-2025_12-29-34_thumb.jpg;photo_152@05-10-2025_12-29-34_thumb.jpg;b39958d2d6391e1dfbc106a0dcc7b993
drop;photo_153@05-10-2025_12-29-34.jpg;photo_153@05-10-2025_12-29-34.jpg;7c9a6ba271ef80167bdd09c8977140e5
drop;photo_153@05-10-2025_12-29-34_thumb.jpg;photo_153@05-10-2025_12-29-34_thumb.jpg;c1f05d3739cfced534cb870f0a138906
drop;photo_154@05-10-2025_12-29-35_thumb.jpg;photo_154@05-10-2025_12-29-35_thumb.jpg;8bd92cd35c8903f117d771fd91a65503
drop;photo_15@06-09-2025_19-52-59.jpg;photo_15@06-09-2025_19-52-59.jpg;f36e11d633b72b123e3d645787415bdb
drop;photo_15@06-09-2025_19-52-59_thumb.jpg;photo_15@06-09-2025_19-52-59_thumb.jpg;eb3752decba53b2f31e751dbf77e9165
drop;photo_160@05-10-2025_23-38-58.jpg;photo_160@05-10-2025_23-38-58.jpg;eda79cbcaed943e56a89cb5a9513948e
drop;photo_161@05-10-2025_23-56-05.jpg;photo_161@05-10-2025_23-56-05.jpg;a30da6b00f935aea9074b038dddff9b5
drop;photo_161@05-10-2025_23-56-05_thumb.jpg;photo_161@05-10-2025_23-56-05_thumb.jpg;0df71217f61fa57ceceff095af3f2b0b
drop;photo_162@09-10-2025_19-55-43.jpg;photo_162@09-10-2025_19-55-43.jpg;004fafac0bc8f6e42fb17251d28d79dc
drop;photo_162@09-10-2025_19-55-43_thumb (1).jpg;photo_162@09-10-2025_19-55-43_thumb (1).jpg;7061ecc6012bbd7e0605e20130ef9bf2
drop;photo_163@09-10-2025_19-55-43.jpg;photo_163@09-10-2025_19-55-43.jpg;555dc3c735bb363a1f2499d9b3a65b8f
drop;photo_163@09-10-2025_19-55-43_thumb (1).jpg;photo_163@09-10-2025_19-55-43_thumb (1).jpg;aa7e65b682cb97cf4035c0ca6bc604a3
drop;photo_164@09-10-2025_19-55-43.jpg;photo_164@09-10-2025_19-55-43.jpg;3053bc708e612a5e7e0fcea782e58baa
drop;photo_164@09-10-2025_19-55-43_thumb (1).jpg;photo_164@09-10-2025_19-55-43_thumb (1).jpg;fe3576b13482e32e4ddbdfa66f7a47d2
drop;photo_16@06-09-2025_19-52-59.jpg;photo_16@06-09-2025_19-52-59.jpg;3a20ac2ad288b3a0c2aed1ee8e1289d8
drop;photo_16@06-09-2025_19-52-59_thumb.jpg;photo_16@06-09-2025_19-52-59_thumb.jpg;ed1c3e7636dea9a19e2444f44db3d8cd
drop;photo_170@13-10-2025_17-09-54-().jpg;photo_170@13-10-2025_17-09-54-().jpg;2a4fbb67f2f668c387d4970e8d898292
drop;photo_170@13-10-2025_17-09-54_thumb.jpg;photo_170@13-10-2025_17-09-54_thumb.jpg;82563db8ab5b61f6a6a613b3769ae447
drop;photo_171@13-10-2025_17-09-54.jpg;photo_171@13-10-2025_17-09-54.jpg;44ec2c9da2e02a5b01cb21ea5ea78d6b
drop;photo_171@13-10-2025_17-09-54_thumb.jpg;photo_171@13-10-2025_17-09-54_thumb.jpg;74b05fbbd6a97990be82d647a86046a3
drop;photo_172@13-10-2025_17-09-54.jpg;photo_172@13-10-2025_17-09-54.jpg;82215e9f1bdb9519aff63ff4e8795728
drop;photo_172@13-10-2025_17-09-54_thumb.jpg;photo_172@13-10-2025_17-09-54_thumb.jpg;2ba4c92da137f9c0fe5f9c7a7c9ec71d
drop;photo_173@13-10-2025_17-09-54.jpg;photo_173@13-10-2025_17-09-54.jpg;ce13a881bade5c9b6744a76fe44e3531
drop;photo_173@13-10-2025_17-09-54_thumb.jpg;photo_173@13-10-2025_17-09-54_thumb.jpg;99c7ce8f6b0cc7d90893e3ea84d81384
drop;photo_178@15-10-2025_13-27-17.jpg;photo_178@15-10-2025_13-27-17.jpg;319271e30d28c9f3dadf194c5da8042c
drop;photo_178@15-10-2025_13-27-17_thumb.jpg;photo_178@15-10-2025_13-27-17_thumb.jpg;5054634f2d57bf3aa346cee4e4155e55
drop;photo_179@15-10-2025_13-27-17.jpg;photo_179@15-10-2025_13-27-17.jpg;e5814593a817df9e655cb36b28c50d79
drop;photo_179@15-10-2025_13-27-17_thumb.jpg;photo_179@15-10-2025_13-27-17_thumb.jpg;13830d9d9d41a498aa640c716f4c704c
drop;photo_17@06-09-2025_19-52-59.jpg;photo_17@06-09-2025_19-52-59.jpg;0337d0ac131c8db9e6f2b56b14498a22
drop;photo_17@06-09-2025_19-52-59_thumb.jpg;photo_17@06-09-2025_19-52-59_thumb.jpg;6e4553845b5b8082aa54381823b54771
drop;photo_180@15-10-2025_13-27-17.jpg;photo_180@15-10-2025_13-27-17.jpg;813b60581cf586e190a4edeb170020a5
drop;photo_180@15-10-2025_13-27-17_thumb.jpg;photo_180@15-10-2025_13-27-17_thumb.jpg;8f5aa48d0165d64169734c5280da110f
drop;photo_184@18-10-2025_13-40-35.jpg;photo_184@18-10-2025_13-40-35.jpg;ac0aed6d9665106ece28b166eb808caf
drop;photo_184@18-10-2025_13-40-35_thumb.jpg;photo_184@18-10-2025_13-40-35_thumb.jpg;b58977934940a3a1d04e404ccb3ea4fa
drop;photo_185@18-10-2025_13-40-35.jpg;photo_185@18-10-2025_13-40-35.jpg;f22c1317acbc6424bb9fbee37f4ab703
drop;photo_185@18-10-2025_13-40-35_thumb.jpg;photo_185@18-10-2025_13-40-35_thumb.jpg;9c7358d25e00a6aa5bb58952f07ec51b
drop;photo_186@18-10-2025_13-40-35.jpg;photo_186@18-10-2025_13-40-35.jpg;437c350b2d2f8440c2c7f889803cb6f4
drop;photo_186@18-10-2025_13-40-35_thumb.jpg;photo_186@18-10-2025_13-40-35_thumb.jpg;1227f1aa26173f581fdbf7324214cbdf
drop;photo_187@18-10-2025_16-36-13.jpg;photo_187@18-10-2025_16-36-13.jpg;26d1f9f2e39424864f3552e6055b6c19
drop;photo_187@18-10-2025_16-36-13_thumb.jpg;photo_187@18-10-2025_16-36-13_thumb.jpg;df4ce7b89458145d6006417de91ae8cc
drop;photo_188@18-10-2025_16-44-04.jpg;photo_188@18-10-2025_16-44-04.jpg;58c931d7a9c96380a144120a362b48e9
drop;photo_188@18-10-2025_16-44-04_thumb.jpg;photo_188@18-10-2025_16-44-04_thumb.jpg;00ab417cee9dbd8aaff44bc6ba4017e6
drop;photo_189@18-10-2025_16-44-04.jpg;photo_189@18-10-2025_16-44-04.jpg;a2ac4f36e50952bdb59c28393b13fd96
drop;photo_189@18-10-2025_16-44-04_thumb.jpg;photo_189@18-10-2025_16-44-04_thumb.jpg;a40889b91efdeeecbdb9be3658cc1fae
drop;photo_18@06-09-2025_19-52-59.jpg;photo_18@06-09-2025_19-52-59.jpg;0d2af39ff04c340aa1413af4df9cd9ff
drop;photo_18@06-09-2025_19-52-59_thumb.jpg;photo_18@06-09-2025_19-52-59_thumb.jpg;3ce391661cd1d53fd98fc5cf2b198ebc
drop;photo_190@18-10-2025_16-50-52.jpg;photo_190@18-10-2025_16-50-52.jpg;2f4e5094af55c83007c518d0b2dec685
drop;photo_190@18-10-2025_16-50-52_thumb.jpg;photo_190@18-10-2025_16-50-52_thumb.jpg;52ad84ed3f643999810125e89a97899e
drop;photo_191@18-10-2025_16-53-11.jpg;photo_191@18-10-2025_16-53-11.jpg;4862482bd938a693a411ec0de8f2096f
drop;photo_191@18-10-2025_16-53-11_thumb.jpg;photo_191@18-10-2025_16-53-11_thumb.jpg;fe84711cb88fb6f9adc02f44bbb96f7b
drop;photo_192@18-10-2025_16-53-11.jpg;photo_192@18-10-2025_16-53-11.jpg;f19d72fc6e38c15b9faa4c9fc469cc27
drop;photo_192@18-10-2025_16-53-11_thumb.jpg;photo_192@18-10-2025_16-53-11_thumb.jpg;62f1b00fa05c43cd9c6d968a3994ae22
drop;photo_193@18-10-2025_16-58-12.jpg;photo_193@18-10-2025_16-58-12.jpg;a4d88a849d0b7d865d6bc03535172cc3
drop;photo_193@18-10-2025_16-58-12_thumb.jpg;photo_193@18-10-2025_16-58-12_thumb.jpg;c74205af5de1264018843fabf98021da
drop;photo_195@18-10-2025_17-34-02.jpg;photo_195@18-10-2025_17-34-02.jpg;a24b53225ba03b0dc739bf49123b9254
drop;photo_195@18-10-2025_17-34-02_thumb.jpg;photo_195@18-10-2025_17-34-02_thumb.jpg;61992a9c102b91899e96d1d010fbfcf0
drop;photo_196@18-10-2025_18-30-19.jpg;photo_196@18-10-2025_18-30-19.jpg;3fb52848e4da305c629f69f246596b30
drop;photo_196@18-10-2025_18-30-19_thumb.jpg;photo_196@18-10-2025_18-30-19_thumb.jpg;cc79e90053a6d6752b50ca0c0b827655
drop;photo_198@24-10-2025_07-53-11.jpg;photo_198@24-10-2025_07-53-11.jpg;982726efd039f7093d4ff2f1ea2976fd
drop;photo_198@24-10-2025_07-53-11_thumb.jpg;photo_198@24-10-2025_07-53-11_thumb.jpg;24c8a8d28859cfce54ec63daeb3e8162
drop;photo_199@24-10-2025_07-54-00.jpg;photo_199@24-10-2025_07-54-00.jpg;d6e5bdf410bd7132fde07197ef9f3857
drop;photo_199@24-10-2025_07-54-00_thumb.jpg;photo_199@24-10-2025_07-54-00_thumb.jpg;df62e7540f924cae1f1dcf01a4a37ee7
drop;photo_19@06-09-2025_19-52-59.jpg;photo_19@06-09-2025_19-52-59.jpg;d1712d1951f7e247fcec1ad959b9f0b5
drop;photo_19@06-09-2025_19-52-59_thumb.jpg;photo_19@06-09-2025_19-52-59_thumb.jpg;362c3b3d9e89e31e96a9c56b8b0fbb23
drop;photo_1_2025-11-24_14-37-47.jpg;photo_1_2025-11-24_14-37-47.jpg;11b9434495727c800734279c4f8c5da6
drop;photo_200@24-10-2025_07-54-56.jpg;photo_200@24-10-2025_07-54-56.jpg;9976f84f16661047ec16fa8369a4bc57
drop;photo_200@24-10-2025_07-54-56_thumb.jpg;photo_200@24-10-2025_07-54-56_thumb.jpg;3c5262424d576ad4efdbf906c75666d1
drop;photo_201@28-10-2025_18-36-33.jpg;photo_201@28-10-2025_18-36-33.jpg;ac8558470ffe798c026555f7f1bbdede
drop;photo_201@28-10-2025_18-36-33_thumb.jpg;photo_201@28-10-2025_18-36-33_thumb.jpg;582ed4d60a02ffd42e5bf68c65d606d3
drop;photo_2025-09-06_18-42-23.jpg;photo_2025-09-06_18-42-23.jpg;8690a117fc61a59de34d2f3da6a65810
drop;photo_2025-09-06_18-43-32.jpg;photo_2025-09-06_18-43-32.jpg;2cc6e8a6dc4a318afab7a13bf3cd42d6
drop;photo_2025-09-06_19-42-00.jpg;photo_2025-09-06_19-42-00.jpg;bb86b34db23f62c9d6e9cb7dafeea142
drop;photo_2025-09-06_22-28-16.jpg;photo_2025-09-06_22-28-16.jpg;cdc305be18c752a7fd0100cf62691cc1
drop;photo_2025-09-07_14-39-35.jpg;photo_2025-09-07_14-39-35.jpg;d5e54425cee4aa6b7af82ad4cc234e33
drop;photo_2025-09-07_14-42-32.jpg;photo_2025-09-07_14-42-32.jpg;e3312dfe0217d38193bc7bf5df3726da
drop;photo_2025-09-07_15-11-16.jpg;photo_2025-09-07_15-11-16.jpg;949e7eab139e085c9d4447d849dbc3e4
drop;photo_2025-09-07_15-13-53.jpg;photo_2025-09-07_15-13-53.jpg;c3ced22cbe7aa368a637294d681330b2
drop;photo_2025-09-07_15-15-40.jpg;photo_2025-09-07_15-15-40.jpg;eb3a1ff045ae0e73a24b9a9dda26da7c
drop;photo_2025-09-07_15-15-57-().jpg;photo_2025-09-07_15-15-57-().jpg;b8b41858449a818a8cfb946fc5341439
drop;photo_2025-09-07_15-33-07.jpg;photo_2025-09-07_15-33-07.jpg;309396022f459292fd80cfd93e98dea0
drop;photo_2025-09-07_16-51-19.jpg;photo_2025-09-07_16-51-19.jpg;9a4468175f214fceb41fc293d4612e27
tilda;photo_2025-10-16_13-41-40.jpg;photo_2025-10-16_13-41-40.jpg;5644bbeca6ed6922646aeab1d2930175
drop;photo_2025-10-16_13-43-47.jpg;photo_2025-10-16_13-43-47.jpg;151ce3ffc7cd6024db102bff06f9cd8c
drop;photo_2025-10-17_22-50-18.jpg;photo_2025-10-17_22-50-18.jpg;3598f8eec7d294a3563cd0b5eec0f250
drop;photo_2025-10-19_15-24-34.jpg;photo_2025-10-19_15-24-34.jpg;03e2b8c58ff303912f014ee79df58351
drop;photo_2025-10-20_17-45-04.jpg;photo_2025-10-20_17-45-04.jpg;80c090c08f8537fffcff84a4b91aef70
drop;photo_2025-10-20_17-54-00.jpg;photo_2025-10-20_17-54-00.jpg;7feb402539fc92d3cb0bf350fa1fe34f
drop;photo_2025-11-10_14-23-24.jpg;photo_2025-11-10_14-23-24.jpg;be6f83ccf03e8a183f31d94974abd6cc
drop;photo_2025-11-10_14-23-29.jpg;photo_2025-11-10_14-23-29.jpg;e8163bf3d66451b62191aa84245291c4
drop;photo_2025-11-10_14-23-32.jpg;photo_2025-11-10_14-23-32.jpg;983a45f726acc7a8412c4434e6b4d844
drop;photo_2025-11-10_14-23-35-().jpg;photo_2025-11-10_14-23-35-().jpg;941e16deffa0affca993a5eaa0811284
drop;photo_202@28-10-2025_18-36-33.jpg;photo_202@28-10-2025_18-36-33.jpg;37c040100d8c082bc15367b0ae20922b
drop;photo_202@28-10-2025_18-36-33_thumb.jpg;photo_202@28-10-2025_18-36-33_thumb.jpg;3a7bf4f30cd78f5c083e6322d1a8a34e
drop;photo_203@28-10-2025_18-42-33.jpg;photo_203@28-10-2025_18-42-33.jpg;4bc299244a5d97055092304f41ce4e87
drop;photo_203@28-10-2025_18-42-33_thumb.jpg;photo_203@28-10-2025_18-42-33_thumb.jpg;6f61d42a4252a868230526e67c66e9ab
drop;photo_204@28-10-2025_18-42-33.jpg;photo_204@28-10-2025_18-42-33.jpg;99d6945ef65b39685c141110b9d108f2
drop;photo_204@28-10-2025_18-42-33_thumb.jpg;photo_204@28-10-2025_18-42-33_thumb.jpg;9a1736560dc726e4a978ac07921421ba
drop;photo_205@28-10-2025_19-10-28.jpg;photo_205@28-10-2025_19-10-28.jpg;412464fe202c54dfcdb0e08c4742c7d4
drop;photo_205@28-10-2025_19-10-28_thumb.jpg;photo_205@28-10-2025_19-10-28_thumb.jpg;78dd6852c42ee60406f6c303c7509048
drop;photo_206@28-10-2025_19-10-28_thumb.jpg;photo_206@28-10-2025_19-10-28_thumb.jpg;46cf836676a8ac95dc77d56c8fc2ed78
drop;photo_20@06-09-2025_19-52-59.jpg;photo_20@06-09-2025_19-52-59.jpg;69c4ee344b1216407d29562e0d614c75
drop;photo_20@06-09-2025_19-52-59_thumb.jpg;photo_20@06-09-2025_19-52-59_thumb.jpg;27df2a88b55774ab5b82def4ecd031e9
drop;photo_21@06-09-2025_19-52-59_thumb.jpg;photo_21@06-09-2025_19-52-59_thumb.jpg;59b00e3199e637049096d62ea7d25e15
drop;photo_22@06-09-2025_19-52-59.jpg;photo_22@06-09-2025_19-52-59.jpg;fe1bf3ee0e654647801476d5ab9e648c
drop;photo_22@06-09-2025_19-52-59_thumb.jpg;photo_22@06-09-2025_19-52-59_thumb.jpg;36ad91be6f22ecf1d20cf2e8701c33ca
drop;photo_23@06-09-2025_19-52-59.jpg;photo_23@06-09-2025_19-52-59.jpg;adde0a1adc9e3afab62888624aa3e37b
drop;photo_23@06-09-2025_19-52-59_thumb.jpg;photo_23@06-09-2025_19-52-59_thumb.jpg;aa67c041fc7bcf6a0e3665b9d0d0e5ca
drop;photo_24@06-09-2025_19-52-59.jpg;photo_24@06-09-2025_19-52-59.jpg;74a8c4afe1fdf99e3ffb178255c22998
drop;photo_24@06-09-2025_19-52-59_thumb.jpg;photo_24@06-09-2025_19-52-59_thumb.jpg;cdf10588a35839a80621e847fda3efe4
drop;photo_25@06-09-2025_19-52-59.jpg;photo_25@06-09-2025_19-52-59.jpg;bb2a17591f14b4b5b0ab9384908a0382
drop;photo_25@06-09-2025_19-52-59_thumb.jpg;photo_25@06-09-2025_19-52-59_thumb.jpg;de2f5a336ea012a59be92549b31b9044
drop;photo_26@06-09-2025_19-53-35.jpg;photo_26@06-09-2025_19-53-35.jpg;a90cd44ffba8ce832f3f75aede8ec0ce
drop;photo_26@06-09-2025_19-53-35_thumb.jpg;photo_26@06-09-2025_19-53-35_thumb.jpg;aa8d5920156050134b206b6eac028463
drop;photo_27@06-09-2025_19-53-35.jpg;photo_27@06-09-2025_19-53-35.jpg;06d28b4df5df690937b46b7f21a3b8d9
drop;photo_27@06-09-2025_19-53-35_thumb.jpg;photo_27@06-09-2025_19-53-35_thumb.jpg;e4c27df93b70fbae5f43756e4bfbbca9
tilda;photo_28@06-09-2025_19-53-35.jpg;photo_28@06-09-2025_19-53-35.jpg;dd56cbe945cd58ebcfe572abc30c8042
drop;photo_28@06-09-2025_19-53-35_thumb.jpg;photo_28@06-09-2025_19-53-35_thumb.jpg;8cebfd8af3d335fe2a76b757d82ed377
tilda;photo_29@06-09-2025_19-53-35.jpg;photo_29@06-09-2025_19-53-35.jpg;ff01ea3ed59c508176d74a0786a0e5de
drop;photo_29@06-09-2025_19-53-35_thumb.jpg;photo_29@06-09-2025_19-53-35_thumb.jpg;a2db3ec7cfa5558a1dfc87d5faf74f98
drop;photo_30@06-09-2025_19-53-35.jpg;photo_30@06-09-2025_19-53-35.jpg;cbeda1edeb14cf633cdc58d54367b672
drop;photo_30@06-09-2025_19-53-35_thumb.jpg;photo_30@06-09-2025_19-53-35_thumb.jpg;4e3d51624ac0e116c264d0c73e8f7039
drop;photo_31@06-09-2025_19-53-35.jpg;photo_31@06-09-2025_19-53-35.jpg;b267af85d914e089812ad43b0312461a
drop;photo_31@06-09-2025_19-53-35_thumb.jpg;photo_31@06-09-2025_19-53-35_thumb.jpg;c55fb44ab23845ef7fc633c886a49fee
drop;photo_32@06-09-2025_19-53-35.jpg;photo_32@06-09-2025_19-53-35.jpg;496ffbd3e19ce0555a273335148caf0f
drop;photo_32@06-09-2025_19-53-35_thumb.jpg;photo_32@06-09-2025_19-53-35_thumb.jpg;4fea17785019330cb0fe060ffeb5ad86
drop;photo_33@06-09-2025_19-53-35_thumb.jpg;photo_33@06-09-2025_19-53-35_thumb.jpg;37384271e595d113d7df2c450f824736
drop;photo_34@06-09-2025_19-53-35.jpg;photo_34@06-09-2025_19-53-35.jpg;33d358b9aee0b7d244ccbfe851edb138
drop;photo_34@06-09-2025_19-53-35_thumb.jpg;photo_34@06-09-2025_19-53-35_thumb.jpg;080740d68a4305514621d4736d17f119
drop;photo_35@06-09-2025_19-53-35.jpg;photo_35@06-09-2025_19-53-35.jpg;ae301cc13f3be039fd1c8dccbeaf6ce1
drop;photo_35@06-09-2025_19-53-35_thumb.jpg;photo_35@06-09-2025_19-53-35_thumb.jpg;46d7249830dcac74912b96c3d758ce2c
drop;photo_37@06-09-2025_19-53-35_thumb.jpg;photo_37@06-09-2025_19-53-35_thumb.jpg;1bd242eeca7528b2bc2438ee4e26fc7b
drop;photo_38@06-09-2025_19-53-35.jpg;photo_38@06-09-2025_19-53-35.jpg;ab4f5a1413c2c8c0d1c129c6ecdf282b
drop;photo_38@06-09-2025_19-53-35_thumb.jpg;photo_38@06-09-2025_19-53-35_thumb.jpg;22d683191a9aa27edddbebd70829a44d
drop;photo_39@06-09-2025_19-53-35.jpg;photo_39@06-09-2025_19-53-35.jpg;c01cf63a55dc6aa31d36b402ec933201
drop;photo_39@06-09-2025_19-53-35_thumb.jpg;photo_39@06-09-2025_19-53-35_thumb.jpg;b4abdb36d41198f6177a31c478d8050d
drop;photo_41@06-09-2025_19-53-35.jpg;photo_41@06-09-2025_19-53-35.jpg;375dd95067273de4877b0a5480572ab8
drop;photo_41@06-09-2025_19-53-35_thumb.jpg;photo_41@06-09-2025_19-53-35_thumb.jpg;d96dffeb03bf85d87c72ab6f57bbdca2
drop;photo_42@06-09-2025_19-53-35.jpg;photo_42@06-09-2025_19-53-35.jpg;6d7b5ad8df610d472710f65b32b0c094
drop;photo_42@06-09-2025_19-53-35_thumb.jpg;photo_42@06-09-2025_19-53-35_thumb.jpg;3d38251344dbdeb436398d33bb3e83e5
drop;photo_43@06-09-2025_19-53-35.jpg;photo_43@06-09-2025_19-53-35.jpg;932bbdeea4afc0f3dcc7f978f158485d
drop;photo_43@06-09-2025_19-53-35_thumb.jpg;photo_43@06-09-2025_19-53-35_thumb.jpg;0fafece7e0e255196a23f8c19543cea5
drop;photo_44@06-09-2025_19-53-35.jpg;photo_44@06-09-2025_19-53-35.jpg;9e0d8da8372cfaa0ebf41b78525b6256
drop;photo_44@06-09-2025_19-53-35_thumb.jpg;photo_44@06-09-2025_19-53-35_thumb.jpg;60df49c81380c056b03f4ca3eb201eca
drop;photo_45@06-09-2025_19-53-35.jpg;photo_45@06-09-2025_19-53-35.jpg;fd4d8f5537e9a522dbd9294d0465fdcd
drop;photo_45@06-09-2025_19-53-35_thumb (1).jpg;photo_45@06-09-2025_19-53-35_thumb (1).jpg;ef5c8e99721a341f28b273a9dcd2a31d
drop;photo_46@06-09-2025_19-53-35_thumb.jpg;photo_46@06-09-2025_19-53-35_thumb.jpg;695664dedddc7e346334fb8b9704af5d
drop;photo_47@06-09-2025_19-53-35.jpg;photo_47@06-09-2025_19-53-35.jpg;ae30b067f8b98afe25d8a72a2849e671
drop;photo_47@06-09-2025_19-53-35_thumb.jpg;photo_47@06-09-2025_19-53-35_thumb.jpg;c21bfc287971b8537dc938e5d4211a9d
drop;photo_49@06-09-2025_19-53-35.jpg;photo_49@06-09-2025_19-53-35.jpg;6e1a071e9652486f35909c79fe78c492
drop;photo_49@06-09-2025_19-53-35_thumb.jpg;photo_49@06-09-2025_19-53-35_thumb.jpg;36ae907c23fc364938efad861a97e3a0
drop;photo_50@06-09-2025_19-53-35.jpg;photo_50@06-09-2025_19-53-35.jpg;5f902285697d0d2db19ac88993121934
drop;photo_50@06-09-2025_19-53-35_thumb.jpg;photo_50@06-09-2025_19-53-35_thumb.jpg;dcc4fdd61e1b7731674f8f8ac3386695
drop;photo_51@06-09-2025_19-54-42-().jpg;photo_51@06-09-2025_19-54-42-().jpg;0bf71179f894bb5113f4928a7eea7166
drop;photo_51@06-09-2025_19-54-42_thumb-().jpg;photo_51@06-09-2025_19-54-42_thumb-().jpg;3963bc71bc9973fba548334d005b8418
drop;photo_52@06-09-2025_19-54-42.jpg;photo_52@06-09-2025_19-54-42.jpg;55cb1379e581a487149bdb38031b98a4
drop;photo_52@06-09-2025_19-54-42_thumb.jpg;photo_52@06-09-2025_19-54-42_thumb.jpg;ed886ec078e3dd4a7d7d7a6b1752c40e
drop;photo_53@06-09-2025_19-54-42-().jpg;photo_53@06-09-2025_19-54-42-().jpg;93dc9f0747065142501731462df4af3d
drop;photo_53@06-09-2025_19-54-42_thumb.jpg;photo_53@06-09-2025_19-54-42_thumb.jpg;5269656aaa12536bb34e83249b53bc1e
drop;photo_54@06-09-2025_19-54-42.jpg;photo_54@06-09-2025_19-54-42.jpg;d3c23d64766f79cfefab0ae241659969
drop;photo_54@06-09-2025_19-54-42_thumb.jpg;photo_54@06-09-2025_19-54-42_thumb.jpg;06ee0434776fe84779485080f6ba28bf
drop;photo_55@06-09-2025_19-54-42.jpg;photo_55@06-09-2025_19-54-42.jpg;d888da46b068d1c7fcbc8fe1f6b1fa62
drop;photo_55@06-09-2025_19-54-42_thumb.jpg;photo_55@06-09-2025_19-54-42_thumb.jpg;11e57012a91682f6ea3e5687cd068dad
drop;photo_56@06-09-2025_19-54-42.jpg;photo_56@06-09-2025_19-54-42.jpg;c314eb9a6ff166558b5fcc2c1f90da11
drop;photo_56@06-09-2025_19-54-42_thumb.jpg;photo_56@06-09-2025_19-54-42_thumb.jpg;44d408386d4076260f32d3855d4bce70
drop;photo_57@06-09-2025_19-54-42.jpg;photo_57@06-09-2025_19-54-42.jpg;f84676a363c0a1a674e1fd1afc48ff78
drop;photo_57@06-09-2025_19-54-42_thumb.jpg;photo_57@06-09-2025_19-54-42_thumb.jpg;661486c959d2178de8430114274f8f77
drop;photo_58@06-09-2025_19-54-42.jpg;photo_58@06-09-2025_19-54-42.jpg;386dfe2ae9ddc4731227b1bcf0e8e71d
drop;photo_58@06-09-2025_19-54-42_thumb.jpg;photo_58@06-09-2025_19-54-42_thumb.jpg;c6756670de713e101d2c2c04b4a71ee4
drop;photo_59@06-09-2025_19-54-42-().jpg;photo_59@06-09-2025_19-54-42-().jpg;b84bf118a4e0b0e31c4ec463c50270f5
drop;photo_59@06-09-2025_19-54-42_thumb-().jpg;photo_59@06-09-2025_19-54-42_thumb-().jpg;e3072310e7fc7663cafc9fd6d6e24450
drop;photo_63@06-09-2025_19-55-55.jpg;photo_63@06-09-2025_19-55-55.jpg;32894979fa94a376e86c90da69e9af40
drop;photo_75@06-09-2025_19-58-37_thumb.jpg;photo_75@06-09-2025_19-58-37_thumb.jpg;f69ba177a4a487645f1e8cd29873729e
drop;photo_76@06-09-2025_19-58-37.jpg;photo_76@06-09-2025_19-58-37.jpg;05855e3d43cc43f78f87efd3981f60c9
drop;photo_76@06-09-2025_19-58-37_thumb.jpg;photo_76@06-09-2025_19-58-37_thumb.jpg;52439e2ad6243b347dc168b98e4cb1c7
drop;photo_78@07-09-2025_14-42-19_thumb.jpg;photo_78@07-09-2025_14-42-19_thumb.jpg;37d29d770273905241cb4586fd6a6d19
drop;photo_79@07-09-2025_14-49-16.jpg;photo_79@07-09-2025_14-49-16.jpg;82a875064dc55c7744a3fec627a97027
drop;photo_79@07-09-2025_14-49-16_thumb.jpg;photo_79@07-09-2025_14-49-16_thumb.jpg;5c78fc56d1ac4d3aeba62719bcb0801f
drop;photo_80@07-09-2025_15-10-34_thumb.jpg;photo_80@07-09-2025_15-10-34_thumb.jpg;5c0d19003e850d9d72363bb0ca3b845a
drop;photo_81@07-09-2025_15-29-48.jpg;photo_81@07-09-2025_15-29-48.jpg;20c59c5fb44bb69ca3574aec1fd0ad4b
drop;photo_81@07-09-2025_15-29-48_thumb-().jpg;photo_81@07-09-2025_15-29-48_thumb-().jpg;9fd02c7174b72834db8d65891878cf75
drop;photo_82@07-09-2025_15-30-46_thumb.jpg;photo_82@07-09-2025_15-30-46_thumb.jpg;81d29dc5df0bf98b5388c016aeb27c62
drop;photo_83@07-09-2025_16-02-14.jpg;photo_83@07-09-2025_16-02-14.jpg;8b1930f3af5753966f5a92e9b6e8e766
drop;photo_83@07-09-2025_16-02-14_thumb.jpg;photo_83@07-09-2025_16-02-14_thumb.jpg;3634f6ef869e9d600b4fa8133714e877
drop;photo_84@07-09-2025_16-02-14.jpg;photo_84@07-09-2025_16-02-14.jpg;476e3b5972bc4c3e17ab594800e98a06
drop;photo_84@07-09-2025_16-02-14_thumb.jpg;photo_84@07-09-2025_16-02-14_thumb.jpg;3fcddb74bb1a5199ac63a183f82af5f7
drop;photo_85@07-09-2025_16-02-14.jpg;photo_85@07-09-2025_16-02-14.jpg;a66655c309caf5a3c47d01a2bb1fb099
drop;photo_85@07-09-2025_16-02-14_thumb.jpg;photo_85@07-09-2025_16-02-14_thumb.jpg;db493f319eba1d2031cc323b3d2f3759
drop;photo_86@07-09-2025_16-02-14.jpg;photo_86@07-09-2025_16-02-14.jpg;fc91317faaa1730fa412177758cb1c01
drop;photo_86@07-09-2025_16-02-14_thumb.jpg;photo_86@07-09-2025_16-02-14_thumb.jpg;937b0b291ca11b9812ead6bb9ea14c34
drop;photo_87@07-09-2025_16-02-14.jpg;photo_87@07-09-2025_16-02-14.jpg;f0ca290fa5d4703e67686cf41271a60c
drop;photo_87@07-09-2025_16-02-14_thumb.jpg;photo_87@07-09-2025_16-02-14_thumb.jpg;d86b1d8dc48cf9f352d1b08ae78bfdb5
tilda;photo_88@07-09-2025_16-02-14.jpg;photo_88@07-09-2025_16-02-14.jpg;e9f5c17be41a23344d92b68e8e5eb974
drop;photo_88@07-09-2025_16-02-14_thumb (1).jpg;photo_88@07-09-2025_16-02-14_thumb (1).jpg;16285aa1baaa2757134026ddea9b24f1
drop;photo_89@07-09-2025_16-02-14.jpg;photo_89@07-09-2025_16-02-14.jpg;695277738f1a7f4c821068f51234dee6
drop;photo_89@07-09-2025_16-02-14_thumb.jpg;photo_89@07-09-2025_16-02-14_thumb.jpg;003fa898ea3c54926835c7f316e7a6f6
drop;photo_90@07-09-2025_16-02-14.jpg;photo_90@07-09-2025_16-02-14.jpg;bbb7bbeb43b419c9d7b4d5a05ab99d0b
drop;photo_90@07-09-2025_16-02-14_thumb.jpg;photo_90@07-09-2025_16-02-14_thumb.jpg;8062ad235f9c2daba4cda48c4fa1ace9
drop;photo_92@07-09-2025_16-02-14.jpg;photo_92@07-09-2025_16-02-14.jpg;a115c672882fa3fff75113f76bf03a4f
drop;photo_92@07-09-2025_16-02-14_thumb.jpg;photo_92@07-09-2025_16-02-14_thumb.jpg;5bbe442a92c39fdca37c75a73e273cce
drop;photo_93@07-09-2025_18-47-54.jpg;photo_93@07-09-2025_18-47-54.jpg;2a853f86c7b676a069b0c0241d76da28
drop;photo_93@07-09-2025_18-47-54_thumb.jpg;photo_93@07-09-2025_18-47-54_thumb.jpg;b6dcbfa1a0257cd70a17c14918fa9de5
drop;photo_94@07-09-2025_18-47-54.jpg;photo_94@07-09-2025_18-47-54.jpg;3d6826c9ed0d43c25e639a02b4ca83e1
drop;photo_94@07-09-2025_18-47-54_thumb.jpg;photo_94@07-09-2025_18-47-54_thumb.jpg;d7ee06510a55d7e1f76e9362c41e5b74
drop;photo_95@07-09-2025_18-47-54.jpg;photo_95@07-09-2025_18-47-54.jpg;5bfd639e955c4926d5386189918b9e88
drop;photo_95@07-09-2025_18-47-54_thumb.jpg;photo_95@07-09-2025_18-47-54_thumb.jpg;8fac8cbf9939f53e8140cf18dd31b5dc
drop;photo_96@07-09-2025_18-47-54.jpg;photo_96@07-09-2025_18-47-54.jpg;299f662caa450267ef4a9c5378d428b9
drop;photo_96@07-09-2025_18-47-54_thumb.jpg;photo_96@07-09-2025_18-47-54_thumb.jpg;3b676de71a1eeb90216032cf65b59282
drop;photo_98@07-09-2025_18-47-54.jpg;photo_98@07-09-2025_18-47-54.jpg;91eb8624f5681a7a7b7363fb48b4848d
drop;photo_98@07-09-2025_18-47-54_thumb.jpg;photo_98@07-09-2025_18-47-54_thumb.jpg;ec1527a4cde9c6e94503d32c8fd0d148
drop;photo_99@07-09-2025_18-47-54.jpg;photo_99@07-09-2025_18-47-54.jpg;adf738e0fefbda99521966cfbc1fe3cb
drop;photo_99@07-09-2025_18-47-54_thumb.jpg;photo_99@07-09-2025_18-47-54_thumb.jpg;d1c2ed2d18e7ab0c3d31d322f2d28f4b
drop;rev-golovka.jpg;rev-golovka.jpg;b3a19c3c318fd9abe218a06c166584fe
drop;revolvernaya-golovka-16m30f3-40-000-dlya-stanka-16m30f3-16k30f3_foto_largest.jpg;revolvernaya-golovka-16m30f3-40-000-dlya-stanka-16m30f3-16k30f3_foto_largest.jpg;79a12c0ce3f0d5562707c2f263234720
drop;s (1).jpg;s (1).jpg;d2231fb0c82cde6c37451b5fc912a0c2
drop;s-().png;s-().png;7c3c5991e7ed2d844faa5a093e20e2a8
drop;s.png;s.png;dfb548fca394ca0865b7eb9aa0d18b69
drop;s_.png;s_.png;07b5f3526ea0788134c7871eda5b5668
drop;s_16k20_0.jpg;s_16k20_0.jpg;a5069364e3313fc3c1163d5e17de0d4e
drop;s_16k20_1.jpg;s_16k20_1.jpg;774f6fdee9c6073bed750d2e04515e5e
drop;s_16k20_2.jpg;s_16k20_2.jpg;26c4281e72b5e84e8d013f7f15324830
drop;s_16k20_3.jpg;s_16k20_3.jpg;1806f5e1729fdbdeada45beea87ce193
drop;s_16k20_4.jpg;s_16k20_4.jpg;03a12f50c40e03cbe4ad8c97717f10a7
drop;s_16k20_5.jpg;s_16k20_5.jpg;2370e6ae6d2f26a77bbc55705b82d51c
tilda;s_16k40_3000.jpg;s_16k40_3000.jpg;791d6ad019cb5192dca597928a9d615b
tilda;s_16k40_3000_1.jpg;s_16k40_3000_1.jpg;0aab8503e5f9ff54e072b368f21d6858
tilda;s_16k40_3000_2.jpg;s_16k40_3000_2.jpg;8491fb0caf6e619213b297226d76d7f3
tilda;s_16k40_3000_3.jpg;s_16k40_3000_3.jpg;2632d0645df4fc1a30f783ce3d82598c
tilda;s_16k40_3000_4.jpg;s_16k40_3000_4.jpg;def8fb1e6ec533600cf10caa57491e5d
tilda;s_16k40_3000_5.jpg;s_16k40_3000_5.jpg;614955a31190144cad8d6d970b84d7a6
tilda;s_16k40_3000_6.jpg;s_16k40_3000_6.jpg;41f66b15ad880761ab888589737ebddc
tilda;s_16k40_3000_7.jpg;s_16k40_3000_7.jpg;06a4055ef5807b1fc78fda22b5512354
tilda;s_16k40_3000_8.jpg;s_16k40_3000_8.jpg;787415f12ad4b273f4f27c7835191515
drop;S_16m30f3-10.jpg;S_16m30f3-10.jpg;b6fd90bd41d1a54cb23731a75517b4af
drop;S_16m30f3-13.jpg;S_16m30f3-13.jpg;9963e0f887a778db5f0a8bc0dfa6a72e
drop;S_16m30f3-14.jpg;S_16m30f3-14.jpg;c225e65c04c7739d4d7b38fd9a6713ea
drop;S_16m30f3-15.jpg;S_16m30f3-15.jpg;d2f7ae0d10ad007976f468b72005b470
drop;S_16m30f3-16.jpg;S_16m30f3-16.jpg;98c40fd8c3e5804c0236ff071f00fb4b
drop;S_16m30f3-17.jpg;S_16m30f3-17.jpg;5251d7cf5045521386f91e1940c9ef0e
drop;S_16m30f3-18.jpg;S_16m30f3-18.jpg;467e48c670eda248ae295d26fcd9a89d
drop;S_16m30f3-19.jpg;S_16m30f3-19.jpg;e2392e9f26daad0c377b05202e38123c
drop;S_16m30f3-20.jpg;S_16m30f3-20.jpg;791caf18af9ee67deaf81562b7572383
drop;S_16m30f3-5.jpg;S_16m30f3-5.jpg;bc072a90d7ee46cd8a3fc3767feb13d7
drop;S_16m30f3-6.jpg;S_16m30f3-6.jpg;d85f1e4f782199b010707862071266f7
drop;S_16m30f3-7.jpg;S_16m30f3-7.jpg;e67a1bb8bfa82e23ebc5c31cd2be18d0
drop;S_16m30f3-8.jpg;S_16m30f3-8.jpg;6fbf473fab43fafa37973eafd2827768
drop;S_16m30f3-9.jpg;S_16m30f3-9.jpg;3ffa279115a320e70450cfd5a1d424e9
drop;S_1H65f1_3000-10.jpg;S_1H65f1_3000-10.jpg;20e74e0fe86505aedbec07745b68b240
drop;S_1H65f1_3000-11.jpg;S_1H65f1_3000-11.jpg;204af1fb87814c2ac1ae6469e91baf88
drop;S_1H65f1_3000-12.jpg;S_1H65f1_3000-12.jpg;5c4aab8579ecd845477f57c406e3535e
drop;S_1H65f1_3000-13.jpg;S_1H65f1_3000-13.jpg;58877d015e7a01a141ef137cefabf3b5
drop;S_1H65f1_3000-14.jpg;S_1H65f1_3000-14.jpg;d3a0522554cd1aa06d4032680263ad78
drop;S_1H65f1_3000-15.jpg;S_1H65f1_3000-15.jpg;0c5ed5aa5fcc212343ab39704752bafb
drop;S_1H65f1_3000-16.jpg;S_1H65f1_3000-16.jpg;1ac8dd37af1d31b39b4c439c1d9389cc
drop;S_1H65f1_3000-9.jpg;S_1H65f1_3000-9.jpg;222c8d0c00a4d65f17294c8dfb0d1113
tilda;s_1m63_2800.jpg;s_1m63_2800.jpg;011d64f22a128cee35e9da9b5cc639f4
tilda;s_1m63_2800_1.jpg;s_1m63_2800_1.jpg;aa458cc8b8603954b7f9a31a45592101
tilda;s_1m63_2800_2.jpg;s_1m63_2800_2.jpg;59d5b2e53396e61dc908a0f996fb53c1
tilda;s_1m63_2800_3.jpg;s_1m63_2800_3.jpg;9a849afdfbe7a293e5b9562c53b096e8
tilda;s_1m63_2800_4.jpg;s_1m63_2800_4.jpg;c0332c7d500b448bc647f16e5f6f7e46
tilda;s_1m63_2800_6.jpg;s_1m63_2800_6.jpg;89a041fa9e291948937ab80bc642dbed
drop;S_rt817f1-1.jpg;S_rt817f1-1.jpg;27370323b103fdb273f0de480669dc3e
drop;S_rt817f1-2.jpg;S_rt817f1-2.jpg;a735ec122aeff6ca4d9950b546b43fa8
drop;S_rt817f1-3.jpg;S_rt817f1-3.jpg;fe70ab3fb7afcd830e353a25afbfe33f
drop;S_rt817f1-4.jpg;S_rt817f1-4.jpg;425925ad1d8d9418a72c41ba29ce8888
drop;S_rt817f1-5.jpg;S_rt817f1-5.jpg;93e761b8118de8033c551848920f1772
drop;S_rt817f1-6.jpg;S_rt817f1-6.jpg;30895d08a17dfc83fb518244d4da6911
drop;S_rt817f1-7.jpg;S_rt817f1-7.jpg;dd26ae9d5069af6d4760cd444576e1cc
drop;S_rt817f1-8.jpg;S_rt817f1-8.jpg;17bc7cafe6bb3bf78019897cc9fbedf2
tilda;tild3032-6563-4835-b035-346538393762__kuzl_support_1n65.jpg;tild3032-6563-4835-b035-346538393762__kuzl_support_1n65.jpg;0b15992e4b75eda6b6a2c8a46c3fb356
tilda;tild3038-3536-4134-a335-336430366566__kuzl_f_kd_1m64_60_18.jpg;tild3038-3536-4134-a335-336430366566__kuzl_f_kd_1m64_60_18.jpg;fe8f0dfdfa0c6e69fed3bcf4cf67d50c
tilda;tild3062-3131-4666-a461-633435356466__kuzl_f_rk_1h65-water.jpg;tild3062-3131-4666-a461-633435356466__kuzl_f_rk_1h65-water.jpg;747f9a0fbdadc9f1bf78a939a8d6774d
tilda;tild3062-3437-4432-b162-666436326130__krols_f165_-1-waterm.jpg;tild3062-3437-4432-b162-666436326130__krols_f165_-1-waterm.jpg;66e749eb16c8f280cd9ae8cc2bb5e7ac
tilda;tild3135-3737-4536-b664-366361386235__kuzl_pvv_1m65_5_001_.jpg;tild3135-3737-4536-b664-366361386235__kuzl_pvv_1m65_5_001_.jpg;55118fc677af3fe5c355f0788d0266bb
tilda;tild3138-6639-4236-b336-306334393239__kuzl_zb_shpindel_165.jpg;tild3138-6639-4236-b336-306334393239__kuzl_zb_shpindel_165.jpg;0966ea83ea96fc60b5128219f315447e
tilda;tild3164-3264-4535-b963-623965343836__kuzl-pb-1h65-1-water.jpg;tild3164-3264-4535-b963-623965343836__kuzl-pb-1h65-1-water.jpg;190ebcc0113d3301211bf1790614261b
tilda;tild3166-3966-4132-b162-393336663435___3722.jpg;tild3166-3966-4132-b162-393336663435___3722.jpg;fe660100c6456d43e8ddaa3dba90f0af
tilda;tild3238-3533-4238-a163-353336303866__kuzl_fv_1m63_21_200-.jpg;tild3238-3533-4238-a163-353336303866__kuzl_fv_1m63_21_200-.jpg;a9312ee6158d16487e2132b942d9388d
tilda;tild3239-6664-4237-b532-663966336430__-__resize__504x__s_16k20_3.jpg;tild3239-6664-4237-b532-663966336430__-__resize__504x__s_16k20_3.jpg;6ad8f8bf808a20ca40b9ccf7abac5b93
tilda;tild3239-6664-4237-b532-663966336430__s_16k20_3.jpg;tild3239-6664-4237-b532-663966336430__s_16k20_3.jpg;3253aea7a14036b117c0db86325f74b6
tilda;tild3262-6165-4361-b236-303338323964___png_2.png;tild3262-6165-4361-b236-303338323964___png_2.png;c19ae62856383d316979f8adfcb05887
tilda;tild3330-3231-4735-b232-613537636361__krolu_f150_cm2348510.jpg;tild3330-3231-4735-b232-613537636361__krolu_f150_cm2348510.jpg;d328b57f6d846aeba5cbd7d6bf84b251
tilda;tild3332-3165-4765-a164-323464376238__kuzl-rev-dvig-3-wate.jpg;tild3332-3165-4765-a164-323464376238__kuzl-rev-dvig-3-wate.jpg;963125ec0fd93b1758c746de0f374bcf
tilda;tild3333-6164-4564-b564-643165646431__kuzl_mo_1h65_60_900_.jpg;tild3333-6164-4564-b564-643165646431__kuzl_mo_1h65_60_900_.jpg;a4a683aa12aa629a8e78eae892a370de
tilda;tild3334-6663-4966-b238-646536653136__vkl-f20-1k341-20p-1-.jpg;tild3334-6663-4966-b238-646536653136__vkl-f20-1k341-20p-1-.jpg;b9fecd64c6a11d9020e74ca92702c7b5
tilda;tild3337-6162-4430-a639-376535383737__kuzl_pvv_1h65_5_001-.jpg;tild3337-6162-4430-a639-376535383737__kuzl_pvv_1h65_5_001-.jpg;73224e7f80f7a730b2180373943d2610
tilda;tild3362-6361-4563-b837-376334313935__krolu_f150_cm2348510.jpg;tild3362-6361-4563-b837-376334313935__krolu_f150_cm2348510.jpg;9af830fa5e2d57037fde07534fe19b2a
tilda;tild3434-6130-4233-a130-633134333638__s_16k20_0.jpg;tild3434-6130-4233-a130-633134333638__s_16k20_0.jpg;028a397bda034cafa0baec4f9b89f360
tilda;tild3438-3232-4831-b361-613761326335__kuzl_rk_16k40-waterm.jpg;tild3438-3232-4831-b361-613761326335__kuzl_rk_16k40-waterm.jpg;adb8474f3184b60911c9c2afdb5fadbe
tilda;tild3439-3330-4432-a430-333262643335____3722.jpg;tild3439-3330-4432-a430-333262643335____3722.jpg;c09d9089d4f7372a8f29daa9448eedb3
tilda;tild3439-6561-4533-b938-383634376433__kuzl-shvp-rezba.jpg;tild3439-6561-4533-b938-383634376433__kuzl-shvp-rezba.jpg;b1b7481d3f935af3808245d9dd68bb64
tilda;tild3533-3732-4534-b235-363331393733__kuzl_f_sve4ka_emc2a_.jpg;tild3533-3732-4534-b235-363331393733__kuzl_f_sve4ka_emc2a_.jpg;06b5d4a62f81242b3555f9d943ee6772
tilda;tild3538-6232-4265-a539-323065303763__kuzl_mg_1m63_06_117-.jpg;tild3538-6232-4265-a539-323065303763__kuzl_mg_1m63_06_117-.jpg;9f7ab1025ac0ca8ccceaf94cba630d56
tilda;tild3538-6538-4765-b732-306634346262__k-zb-shpindel-1658-0.jpeg;tild3538-6538-4765-b732-306634346262__k-zb-shpindel-1658-0.jpeg;078b53cee3369e06588914efc2cb2ea6
tilda;tild3539-3035-4537-b231-346135623464__kuzl_rk_1m65-waterma.jpg;tild3539-3035-4537-b231-346135623464__kuzl_rk_1m65-waterma.jpg;edf735b30c32aae22f99380e16ef9dce
tilda;tild3561-6333-4961-a439-376561666465__s-watermarked.png;tild3561-6333-4961-a439-376561666465__s-watermarked.png;35dafba73bc175a3ca7f0d2ab8b480f4
tilda;tild3630-3363-4735-b435-393235363038__krolu_f165_-3-waterm.jpg;tild3630-3363-4735-b435-393235363038__krolu_f165_-3-waterm.jpg;d0c02124eba4f450c4da61a2a7874763
tilda;tild3637-6164-4339-b932-326434306237__logo_russtankosbyt_s.png;tild3637-6164-4339-b932-326434306237__logo_russtankosbyt_s.png;fc932cb59ee8ce43f625d28c3b0ae765
tilda;tild3661-6539-4536-b438-363663613464__kzul_gk_1h65_50_101-.jpg;tild3661-6539-4536-b438-363663613464__kzul_gk_1h65_50_101-.jpg;53843342d2ad00da0508136ad6c6bc6b
tilda;tild3662-3236-4635-b263-373334343234__kuzl_support_rt817.jpg;tild3662-3236-4635-b263-373334343234__kuzl_support_rt817.jpg;c0ee56278dd0949cd352e38d73dce0f7
tilda;tild3731-3230-4439-a132-303061303461__kuzl_rev_16m30f3_40_.jpg;tild3731-3230-4439-a132-303061303461__kuzl_rev_16m30f3_40_.jpg;4a7a1b8b6e64d36772de78fb054968b5
tilda;tild3731-6530-4161-b638-333833646263__s.png;tild3731-6530-4161-b638-333833646263__s.png;e5f877be7801f4984562ccbe9d68b809
tilda;tild3732-3337-4264-b137-623137646232__s_16k20_5.jpg;tild3732-3337-4264-b137-623137646232__s_16k20_5.jpg;fe355595cf9b98eee1190b753c95b21c
tilda;tild3733-3962-4630-a166-373230343962__kuzl_fv_1m63_6_1-wat.jpg;tild3733-3962-4630-a166-373230343962__kuzl_fv_1m63_6_1-wat.jpg;f70ab8faa9c290fa602d906e4099e447
tilda;tild3734-6665-4932-b634-313762326638__krols-cm2348-510-301.jpeg;tild3734-6665-4932-b634-313762326638__krols-cm2348-510-301.jpeg;2d0133efcb5444dd95131ec312f7cc82
tilda;tild3739-3035-4331-b034-386566353535__kzul_val_1m63_21_236.jpg;tild3739-3035-4331-b034-386566353535__kzul_val_1m63_21_236.jpg;758f329b3f4c1c302c626f68af713255
tilda;tild3761-3963-4030-a266-343938306439__kuzl_support_1m65-1.jpg;tild3761-3963-4030-a266-343938306439__kuzl_support_1m65-1.jpg;ac829734805d1bb1c1649ff8a13c7bfc
tilda;tild3834-3361-4335-a464-323564626431__s_.png;tild3834-3361-4335-a464-323564626431__s_.png;cd7c4ff3d97973d9d2d4150473ed225f
tilda;tild3834-6666-4034-a366-326332653164__kuzl_mo_1h65_60_900_.jpg;tild3834-6666-4034-a366-326332653164__kuzl_mo_1h65_60_900_.jpg;9a953ae37dc0d4c124aed6868538a22a
tilda;tild3835-3937-4461-b737-353463653836__kuzl_mg_1m63_06_117-.jpg;tild3835-3937-4461-b737-353463653836__kuzl_mg_1m63_06_117-.jpg;653d7a4825d94462cdf4ee2b329c851f
tilda;tild3838-6662-4538-a238-623834396536__s_16k20_4.jpg;tild3838-6662-4538-a238-623834396536__s_16k20_4.jpg;0b39c8a704f4d505627452939688902d
tilda;tild3863-6435-4364-b133-373264313664__s_16k20_1.jpg;tild3863-6435-4364-b133-373264313664__s_16k20_1.jpg;babd26c03a2d5ae6c55ff53a27e612d4
tilda;tild3864-3537-4333-b762-366235396331__kuzl_mo_1h65_60_900-.jpeg;tild3864-3537-4333-b762-366235396331__kuzl_mo_1h65_60_900-.jpeg;f86fb3cb117e9b8f86272a15911b0e59
tilda;tild3865-6237-4237-b539-386534636362__kuzl-rev-dvig-2-wate.jpg;tild3865-6237-4237-b539-386534636362__kuzl-rev-dvig-2-wate.jpg;0367ee6d340fb756dd0137d8e23a82d9
tilda;tild3961-6233-4463-a433-643162613964__kzul_vk_1h65_50_179-.jpg;tild3961-6233-4463-a433-643162613964__kzul_vk_1h65_50_179-.jpg;aae8d779f34d07a743e75118ec7d08b2
tilda;tild3962-3933-4432-a662-643861326664__kzul_val_1m63y_20_18.jpg;tild3962-3933-4432-a662-643861326664__kzul_val_1m63y_20_18.jpg;5aabb47d1fdf63265e58f0b30675d556
tilda;tild6130-3264-4735-a463-343366656364__kuzl_rev_16k30f3_40_.jpg;tild6130-3264-4735-a463-343366656364__kuzl_rev_16k30f3_40_.jpg;7b84644dc4eb795cdc69e6841faa98e3
tilda;tild6163-3338-4133-a635-663962396331__kuzl_rev_16m30f3_40_.jpg;tild6163-3338-4133-a635-663962396331__kuzl_rev_16m30f3_40_.jpg;0ff6350885ffa5235f2c80d4b8e0a7c1
tilda;tild6164-3763-4363-b731-366462396138__krolu_f130_rt3014115.jpg;tild6164-3763-4363-b731-366462396138__krolu_f130_rt3014115.jpg;d911f5dca25b64be93309d347504337d
tilda;tild6166-3533-4464-a464-303031386364__kuzl_rev_16m30f3_40_.jpg;tild6166-3533-4464-a464-303031386364__kuzl_rev_16m30f3_40_.jpg;46da6bbe7ba63c4898f065ba0c822735
tilda;tild6231-3131-4862-b865-373466653935__kuzl_rev_16k30f3_40_.jpg;tild6231-3131-4862-b865-373466653935__kuzl_rev_16k30f3_40_.jpg;d89e2575dcce0a2feea42db3f0f21f70
tilda;tild6236-3138-4332-b137-383866663765__kuzl_mo_1h65_60_900-.jpg;tild6236-3138-4332-b137-383866663765__kuzl_mo_1h65_60_900-.jpg;1db00bd78f30cd36739bd524c4b992e0
tilda;tild6262-3131-4231-b131-613137366666__kuzl_fartuk_1h65-wat.jpg;tild6262-3131-4231-b131-613137366666__kuzl_fartuk_1h65-wat.jpg;ad606b0678db71d6c258cbc9c3a4499d
tilda;tild6263-6666-4166-a330-613739626266__s_1-watermarked.jpg;tild6263-6666-4166-a330-613739626266__s_1-watermarked.jpg;df2285f362635a272411fbcb0c726398
tilda;tild6335-3864-4139-a263-663766316164__krolu_f150_cm2348510.jpg;tild6335-3864-4139-a263-663766316164__krolu_f150_cm2348510.jpg;9e9910ce28bf6da0da577f5fd5bb344d
tilda;tild6336-3562-4631-b339-643838343666__kuzl_pvv_1m65_5_001-.jpg;tild6336-3562-4631-b339-643838343666__kuzl_pvv_1m65_5_001-.jpg;c5af82152eb8e3952cdc37cc12855dc2
tilda;tild6434-3438-4561-a166-646265376533__kuzl_rev_16m30f3_40_.jpg;tild6434-3438-4561-a166-646265376533__kuzl_rev_16m30f3_40_.jpg;d8bdcae92113cbd21e2f5f060ec68f09
tilda;tild6434-3837-4261-b365-303430323831__kuzl_rk_1m63-waterma.jpg;tild6434-3837-4261-b365-303430323831__kuzl_rk_1m63-waterma.jpg;a7782ee0275ade5edaf6b56e2f273637
tilda;tild6434-6637-4162-a261-663463386436__kuzl_zb_shpindel_165.jpg;tild6434-6637-4162-a261-663463386436__kuzl_zb_shpindel_165.jpg;b6bfce7c2c394a02860636647e5d2879
tilda;tild6438-3238-4166-b937-353133323130__kzul_val_1m63y_20_18.jpg;tild6438-3238-4166-b937-353133323130__kzul_val_1m63y_20_18.jpg;f3890624736168c3be8f2ad7c92c1ef6
tilda;tild6534-3435-4732-b665-303165623361__kuzl__val_kz_1650241.jpg;tild6534-3435-4732-b665-303165623361__kuzl__val_kz_1650241.jpg;01c3af2247f258c5ee625e8de9cdc10e
tilda;tild6538-6633-4736-b935-316362643236__s_16k20_2.jpg;tild6538-6633-4736-b935-316362643236__s_16k20_2.jpg;29bfa9d26d9a19d7c18ab882be8cb2b2
tilda;tild6564-3633-4366-b862-653735333066__vkl-f20-1k341-20p-1-.jpg;tild6564-3633-4366-b862-653735333066__vkl-f20-1k341-20p-1-.jpg;2590f8db708a88dbeb24846935794695
tilda;tild6566-6430-4437-a162-353433303335__kuzl-rev-dvig-1-wate.jpg;tild6566-6430-4437-a162-353433303335__kuzl-rev-dvig-1-wate.jpg;2162fdc464f7e7bfb5daf53d8966c003
tilda;tild6630-3862-4631-a562-613736373539___png.png;tild6630-3862-4631-a562-613736373539___png.png;589020c2fa309346c41182b4cf82b00f
tilda;tild6630-6535-4666-b763-643731663539__kuzl_kolco_1a64_05_2.jpg;tild6630-6535-4666-b763-643731663539__kuzl_kolco_1a64_05_2.jpg;92fd52afa02c8d6fa3e681502c796850
tilda;tild6638-6362-4331-b764-336134616466__kuzl_ks_vint_-waterm.jpg;tild6638-6362-4331-b764-336134616466__kuzl_ks_vint_-waterm.jpg;71f2701f4e0cc617542913b086a6dba4
drop;turret_head_700x700.jpg;turret_head_700x700.jpg;ac7734b0d34ab09f11618703a3bf7223
drop;val.jpg;val.jpg;533b4002f1069718c9af7bc822632ea7
drop;vkl-F10-10K341-10P-1-50.jpg;vkl-F10-10K341-10P-1-50.jpg;a7bfe223e6e852cacca32a8533b9f6fd
drop;vkl-F12-12K341-8P-1-50.jpg;vkl-F12-12K341-8P-1-50.jpg;d4e6da574d2a45d8d10cb8939bdba1e9
drop;vkl-F14-14K341-8P-1-50-().jpg;vkl-F14-14K341-8P-1-50-().jpg;932e260fe4e5905fa347a3d836cd673d
drop;vkl-F16-16K341-8P-1-50-().jpg;vkl-F16-16K341-8P-1-50-().jpg;b7336956dc126669fe8739991aff3c78
drop;vkl-F20-1K341-20P-1-501-().jpg;vkl-F20-1K341-20P-1-501-().jpg;413e3af1e75420ee06bef709d3700257
drop;vkl-F8-1K341-8P-1-50.jpg;vkl-F8-1K341-8P-1-50.jpg;e05ac3d8d9ec1c73487d4ed9d3c391a4
drop;вилки шпиндельной бабки стона 1М63.png;вилки шпиндельной бабки стона 1М63.png;5a3f65e111a5d5e04d1f03ea0ec65e49
drop;детали-()-().png;детали-()-().png;be5a6a1dadd24a4a7ef6ee9f1ca24042
drop;детали-().png;детали-().png;d3feeb9008a301df462119febc1080d3
drop;детали.png;детали.png;f101ae0904ebdef855c0a75686b5b485
drop;Изображение PNG 2.png;Изображение PNG 2.png;bc395e143fd72ad46c1a4e0b83c65347
drop;Изображение PNG.png;Изображение PNG.png;39a995c3b14310085fdb9e5b635dc606
