UID;SKU
ITEM.袘邪褉邪斜邪薪 - 泻芯锌懈褉 薪邪 褎邪褉褌褍泻 褋褌邪薪泻邪 16袣20;袘邪褉邪斜邪薪 - 泻芯锌懈褉 薪邪 褎邪褉褌褍泻 褋褌邪薪泻邪 16袣20
KOLZUB.1袦63袘_60_281;1袦63袘_60_281
ITEM.袘谢芯泻-褕械褋褌械褉薪懈 28/49 泻芯薪褋芯谢褜薪芯-褎褉械蟹械褉薪褘褏 褋褌邪薪泻芯胁 屑芯;袘谢芯泻-褕械褋褌械褉薪懈 28/49 泻芯薪褋芯谢褜薪芯-褎褉械蟹械褉薪褘褏 褋褌邪薪泻芯胁 屑芯
ITEM.袘谢芯泻.褕械褋褌械褉薪懈 28/49 泻芯薪褋芯谢褜薪芯.褎褉械蟹械褉薪褘褏 褋褌邪薪泻芯胁 屑芯;袘谢芯泻.褕械褋褌械褉薪懈 28/49 泻芯薪褋芯谢褜薪芯.褎褉械蟹械褉薪褘褏 褋褌邪薪泻芯胁 屑芯
VAL.VS-1K62;VS-1K62
KOLZUB.袪孝502_33_152;袪孝502_33_152
KOLZUB.袪孝5004_36_154_1;袪孝5004_36_154_1
KOLZUB.袪孝5004_36_159;袪孝5004_36_159
KOLZUB.袪孝5004_36_164;袪孝5004_36_164
SHESTER.1袦63_61_231;1袦63_61_231
KOLZUB.164_02_177;164_02_177
KOLZUB.165_02_410;165_02_410
VAL.VAL_1袦63.21.200;VAL_1袦63.21.200
VAL.VAL_1袦63.02.294;VAL_1袦63.02.294
VAL.VAL_1袦63.02.370;VAL_1袦63.02.370
VAL.VAL_1袦63.21.199;VAL_1袦63.21.199
VAL.VAL_1袦63.02.170;VAL_1袦63.02.170
SERVICE.AUTO-0031;AUTO-0031
VAL.1袦63.02.172;1袦63.02.172
SERVICE.AUTO-0032;AUTO-0032
SERVICE.AUTO-0030;AUTO-0030
VAL.1袦63.21.215;1袦63.21.215
VAL.1袦63.21.216;1袦63.21.216
VAL.1袦63.21.217;1袦63.21.217
VAL.1袦63.21.368;1袦63.21.368
VAL.1袦63袘.20.185;1袦63袘.20.185
VAL.1袦63袘.20.186;1袦63袘.20.186
VAL.1袦63.02.353;1袦63.02.353
VAL.1袦63.21.395;1袦63.21.395
VAL.1袦63袘.20.189;1袦63袘.20.189
VAL.1袦63.02.210;1袦63.02.210
VAL.1袦63.21.158;1袦63.21.158
VAL.1袦63袧.20.187;1袦63袧.20.187
VAL.1袦63袧.20.188;1袦63袧.20.188
VAL.校芯5.20.159;校芯5.20.159
VAL.校芯5.20.160;校芯5.20.160
VAL.校芯5.20.162;校芯5.20.162
VAL.校芯5.20.163;校芯5.20.163
VAL.1袦63.02.438;1袦63.02.438
VAL.1袦63.21.235;1袦63.21.235
VAL.1袦63袧.20.157;1袦63袧.20.157
VAL.1M63.21.237;1M63.21.237
VAL.1袦63.21.197;1袦63.21.197
VAL.1袦63.21.364;1袦63.21.364
VAL.1袦63.02.347;1袦63.02.347
VAL.1袦63.02.348;1袦63.02.348
VILKA.1袦63袧_20_022;1袦63袧_20_022
VILKA.UBB112-SHF-FRK;UBB112-SHF-FRK
VILKA.1袦63_02_037;1袦63_02_037
VILKA.1袦63_02_072;1袦63_02_072
VILKA.1袦63_21_028;1袦63_21_028
VILKA.1袦63_21_029;1袦63_21_029
VILKA.1袦63_21_030;1袦63_21_030
SERVICE.AUTO-0011;AUTO-0011
SERVICE.AUTO-0041;AUTO-0041
VINTY.V-TR18x4-Q;V-TR18x4-Q
VINTY.TRAP-36x6;TRAP-36x6
VINTY.VH-50x10-2000;VH-50x10-2000
VINTY.TRAP-36x6-2;TRAP-36x6-2
SERVICE.AUTO-0048;AUTO-0048
SERVICE.AUTO-0017;AUTO-0017
GAYKA.2657;2657
GAYKA.163.30.024;163.30.024
CONTROL.RT783-HB-CTRL;RT783-HB-CTRL
CONTROL.RT983-HB-CTRL;RT983-HB-CTRL
GOLOVKA.16袣30_40_000;16袣30_40_000
GOLOVKA.1袩756袛肖3_40_000;1袩756袛肖3_40_000
SERVICE.AUTO-0045;AUTO-0045
SERVICE.AUTO-0014;AUTO-0014
SERVICE.AUTO-0040;AUTO-0040
CONTROL.RT783-V-CHECK;RT783-V-CHECK
CONTROL.RT783-V-REL-10;RT783-V-REL-10
KLIN.GIB-16K20;GIB-16K20
KLIN.GIB-1K62;GIB-1K62
KLIN.UBB112-GIB-SET;UBB112-GIB-SET
KLIN.WEDGE-SET-CH;WEDGE-SET-CH
KOLZUB.1袦63_06_253;1袦63_06_253
KOLZUB.164_02_173;164_02_173
KOLZUB.164_07_178;164_07_178
KOLZUB.164_07_179;164_07_179
KOLZUB.164_07_295;164_07_295
KOLZUB.165_02_151;165_02_151
KOLZUB.165_02_152;165_02_152
KOLZUB.165_02_160;165_02_160
KOLZUB.165_02_372;165_02_372
KOLZUB.165_02_406;165_02_406
KOLZUB.165_02_439;165_02_439
KOLZUB.165_02_446;165_02_446
KOLZUB.165_02_800;165_02_800
KOLZUB.165_02_801;165_02_801
KOLZUB.165_08_177;165_08_177
KOLZUB.165_08_178;165_08_178
KOLZUB.1658_15_175;1658_15_175
KOLZUB.1658_15_184;1658_15_184
KOLZUB.1658_15_186;1658_15_186
KOLZUB.1658_15_187;1658_15_187
KOLZUB.1658_15_195;1658_15_195
KOLZUB.16袣30_20_153;16袣30_20_153
KOLZUB.16袣30_40_159;16袣30_40_159
KOLZUB.16袣30_40_161;16袣30_40_161
KOLZUB.16袣30_70_151;16袣30_70_151
KOLZUB.16袣30_70_152;16袣30_70_152
KOLZUB.16袣40_21_152;16袣40_21_152
KOLZUB.16袣40_21_153;16袣40_21_153
KOLZUB.16袣40_41_152;16袣40_41_152
KOLZUB.16袣40_51_152;16袣40_51_152
KOLZUB.16袣40_51_156;16袣40_51_156
KOLZUB.1袗64_02_348;1袗64_02_348
KOLZUB.1袗64_02_349;1袗64_02_349
KOLZUB.1袗64_02_381;1袗64_02_381
KOLZUB.1袗64_02_832;1袗64_02_832
KOLZUB.1袗64_02_841;1袗64_02_841
KOLZUB.1袗64_02_842;1袗64_02_842
KOLZUB.1袗64_02_848;1袗64_02_848
KOLZUB.1袗64_02_850;1袗64_02_850
KOLZUB.1袗64_02_851;1袗64_02_851
KOLZUB.1袗64_02_853;1袗64_02_853
KOLZUB.1袗64_02_861;1袗64_02_861
KOLZUB.1袗64_02_862;1袗64_02_862
KOLZUB.1袗64_02_864;1袗64_02_864
KOLZUB.1袗64_02_865;1袗64_02_865
KOLZUB.1袗64_02_866;1袗64_02_866
KOLZUB.1袗64_02_884;1袗64_02_884
KOLZUB.1袗64_02_942;1袗64_02_942
KOLZUB.1袗64_03_210;1袗64_03_210
KOLZUB.1袗64_03_211;1袗64_03_211
KOLZUB.1袗64_03_212;1袗64_03_212
KOLZUB.1袗64_03_264;1袗64_03_264
KOLZUB.1袗64_03_274;1袗64_03_274
KOLZUB.1袗983_20_283;1袗983_20_283
KOLZUB.1袦63_02_170;1袦63_02_170
KOLZUB.1袦63_02_171;1袦63_02_171
KOLZUB.1袦63_02_172;1袦63_02_172
KOLZUB.1袦63_02_210;1袦63_02_210
KOLZUB.1袦63_02_227;1袦63_02_227
KOLZUB.1袦63_02_260;1袦63_02_260
KOLZUB.1袦63_02_263;1袦63_02_263
KOLZUB.1袦63_02_275;1袦63_02_275
KOLZUB.1袦63_02_294;1袦63_02_294
KOLZUB.1袦63_02_331;1袦63_02_331
KOLZUB.1袦63_02_347;1袦63_02_347
KOLZUB.1袦63_02_348;1袦63_02_348
KOLZUB.1袦63_02_353;1袦63_02_353
KOLZUB.1袦63_02_426;1袦63_02_426
KOLZUB.1袦63_02_438;1袦63_02_438
KOLZUB.1袦63_04_153;1袦63_04_153
KOLZUB.1袦63_04_154;1袦63_04_154
KOLZUB.1袦63_04_155;1袦63_04_155
KOLZUB.1袦63_04_159;1袦63_04_159
KOLZUB.1袦63_04_160;1袦63_04_160
KOLZUB.1袦63_06_203;1袦63_06_203
KOLZUB.1袦63_06_254;1袦63_06_254
KOLZUB.1袦63_06_259;1袦63_06_259
KOLZUB.1袦63_21_158;1袦63_21_158
KOLZUB.1袦63_21_197;1袦63_21_197
KOLZUB.1袦63_21_199;1袦63_21_199
KOLZUB.1袦63_21_200;1袦63_21_200
KOLZUB.1袦63_21_215;1袦63_21_215
KOLZUB.1袦63_21_216;1袦63_21_216
KOLZUB.1袦63_21_217;1袦63_21_217
KOLZUB.1袦63_21_228;1袦63_21_228
KOLZUB.1袦63_21_230;1袦63_21_230
KOLZUB.1袦63_21_231;1袦63_21_231
KOLZUB.1袦63_21_235;1袦63_21_235
KOLZUB.1袦63_21_237;1袦63_21_237
KOLZUB.1袦63_21_364;1袦63_21_364
KOLZUB.1袦63_21_368;1袦63_21_368
KOLZUB.1袦63_21_370;1袦63_21_370
KOLZUB.1袦63_21_395;1袦63_21_395
KOLZUB.1袦63_41_269;1袦63_41_269
KOLZUB.1袦63_61_158;1袦63_61_158
KOLZUB.1袦63_61_164;1袦63_61_164
KOLZUB.1袦63_61_197;1袦63_61_197
KOLZUB.1袦63_61_228;1袦63_61_228
KOLZUB.1袦63_61_229;1袦63_61_229
KOLZUB.1袦63_61_230;1袦63_61_230
KOLZUB.1袦63_71_153;1袦63_71_153
KOLZUB.1袦63袘_20_185;1袦63袘_20_185
KOLZUB.1袦63袘_20_186;1袦63袘_20_186
KOLZUB.1袦63袘_20_187;1袦63袘_20_187
KOLZUB.1袦63袘_20_189;1袦63袘_20_189
KOLZUB.1袦63袘_60_250;1袦63袘_60_250
KOLZUB.1袦63袘_60_251;1袦63袘_60_251
KOLZUB.1袦63袘_60_252;1袦63袘_60_252
KOLZUB.1袦63袘_60_253;1袦63袘_60_253
KOLZUB.1袦63袘_60_282;1袦63袘_60_282
KOLZUB.1袦63袘_60_283;1袦63袘_60_283
KOLZUB.1袦63袘_60_283_袠;1袦63袘_60_283_袠
KOLZUB.1袦63袘_61_165;1袦63袘_61_165
KOLZUB.1袦63袘_70_168;1袦63袘_70_168
KOLZUB.1袦63袘_70_169;1袦63袘_70_169
KOLZUB.1袦63袘_70_210;1袦63袘_70_210
KOLZUB.1袦63袘_70_211;1袦63袘_70_211
KOLZUB.1袦63袘_70_213;1袦63袘_70_213
KOLZUB.1袦63袘_70_214;1袦63袘_70_214
KOLZUB.1袦63袘_70_215;1袦63袘_70_215
KOLZUB.1袦63袘_70_216;1袦63袘_70_216
KOLZUB.1袦63袘_70_217;1袦63袘_70_217
KOLZUB.1袦63袘_70_218;1袦63袘_70_218
KOLZUB.1袦63袘_70_219;1袦63袘_70_219
KOLZUB.1袦63袘_70_220;1袦63袘_70_220
KOLZUB.1袦63袘_70_226;1袦63袘_70_226
KOLZUB.1袦63袘_70_227;1袦63袘_70_227
KOLZUB.1袦63袘_70_230;1袦63袘_70_230
KOLZUB.1袦63袘_70_232;1袦63袘_70_232
KOLZUB.1袦63袘_70_234;1袦63袘_70_234
KOLZUB.1袦63袘_70_238;1袦63袘_70_238
KOLZUB.1袦63袘_70_240;1袦63袘_70_240
KOLZUB.1袦63袘_70_272;1袦63袘_70_272
KOLZUB.1袦63袘_71_152;1袦63袘_71_152
KOLZUB.1袦63袧_20_157;1袦63袧_20_157
KOLZUB.1袧983_20_126;1袧983_20_126
KOLZUB.1袧983_20_153;1袧983_20_153
KOLZUB.1袧983_20_154;1袧983_20_154
KOLZUB.1袧983_20_155;1袧983_20_155
KOLZUB.1袧983_20_158;1袧983_20_158
KOLZUB.1袧983_20_166;1袧983_20_166
KOLZUB.1袧983_20_269;1袧983_20_269
KOLZUB.1袧983_20_281;1袧983_20_281
KOLZUB.1袧983_20_283;1袧983_20_283
KOLZUB.1袧983_20_293;1袧983_20_293
KOLZUB.1袧983_34_150;1袧983_34_150
KOLZUB.1袧983_34_154;1袧983_34_154
KOLZUB.1袧983_34_155;1袧983_34_155
KOLZUB.2840袩_64_160;2840袩_64_160
KOLZUB.2840袩_64_190;2840袩_64_190
KOLZUB.袪孝43406_64_154;袪孝43406_64_154
KOLZUB.袪孝5004_35_156;袪孝5004_35_156
KOLZUB.袪孝502_33_151;袪孝502_33_151
KOLZUB.校05_20_159;校05_20_159
KOLZUB.校05_20_160;校05_20_160
KOLZUB.校05_20_162;校05_20_162
KOLZUB.校05_20_163;校05_20_163
MUFTA.RT-JAWS-H;RT-JAWS-H
KOMPLEKT.UBB112-CL-SET;UBB112-CL-SET
KOMPLEKT.楔械褋褌械褉薪懈-袣袩-1袦63;楔械褋褌械褉薪懈-袣袩-1袦63
KOMPLEKT.楔械褋褌械褉薪懈-袣袩-1袦65褋械褉懈褟;楔械褋褌械褉薪懈-袣袩-1袦65褋械褉懈褟
SEKTOR.CPN-315;CPN-315
SEKTOR.AUTO-0062;AUTO-0062
SEKTOR.袣芯薪懈褔械褋泻懈械 褕械褋褌械褉薪懈 褎褉械蟹械褉薪褘褏 褋褌邪薪泻芯胁 屑芯写. 676袩;袣芯薪懈褔械褋泻懈械 褕械褋褌械褉薪懈 褎褉械蟹械褉薪褘褏 褋褌邪薪泻芯胁 屑芯写. 676袩
SUPPORT.袣芯褉锌褍褋-袟袘-泻芯屑锌谢械泻褌;袣芯褉锌褍褋-袟袘-泻芯屑锌谢械泻褌
KULACHKI.JWB-315-M6;JWB-315-M6
KULACHKI.JWB-400-M8;JWB-400-M8
KULACHKI.JWS-200-M5;JWS-200-M5
KULACHKI.JWS-250-M6;JWS-250-M6
KULACHKI.JWS-315-M6;JWS-315-M6
KULACHKI.JWS-800-M10;JWS-800-M10
KULACHKI.JWR-315-M6;JWR-315-M6
KULACHKI.JWR-400-M8;JWR-400-M8
KULACHKI.AUTO-0066;AUTO-0066
KULACHKI.袣褍谢邪褔泻懈 褋 胁懈薪褌邪屑懈 褌褟卸械谢芯谐芯 褌芯泻邪褉薪芯-泻邪褉褍褋械谢褜薪芯谐芯 褋褌;袣褍谢邪褔泻懈 褋 胁懈薪褌邪屑懈 褌褟卸械谢芯谐芯 褌芯泻邪褉薪芯-泻邪褉褍褋械谢褜薪芯谐芯 褋褌
KULACHKI.AUTO-0064;AUTO-0064
KULACHKI.AUTO-0020;AUTO-0020
KULACHKI.JWC-315-M6;JWC-315-M6
KULACHKI.JWC-400-M8;JWC-400-M8
KULACHKI.袣褍谢邪褔泻懈 褋锌械褑懈邪谢褜薪芯谐芯 泻芯谢械褋芯-褌芯泻邪褉薪芯谐芯 褋褌邪薪泻邪 UBB-1;袣褍谢邪褔泻懈 褋锌械褑懈邪谢褜薪芯谐芯 泻芯谢械褋芯-褌芯泻邪褉薪芯谐芯 褋褌邪薪泻邪 UBB-1
KULACHKI.JWH-200-M5;JWH-200-M5
KULACHKI.JWH-315-M6;JWH-315-M6
KULACHKI.JWH-400-M8;JWH-400-M8
KULACHKI.JWH-500-M8;JWH-500-M8
KULACHKI.JWH-800-M10;JWH-800-M10
SPECIAL.s_16m30f3;s_16m30f3
SPECIAL.s_rt817;s_rt817
SPECIAL.袪孝301;袪孝301
SPECIAL.小褉芯褔薪邪褟袩芯褋褌邪胁泻邪;小褉芯褔薪邪褟袩芯褋褌邪胁泻邪
SERVICE.SVC-0013;SVC-0013
SERVICE.SVC-0014;SVC-0014
SERVICE.AUTO-0044;AUTO-0044
SERVICE.AUTO-0047;AUTO-0047
STANOK.1袦63-1;1袦63-1
STANOK.1袦63-3;1袦63-3
STANOK.1袦63袧-3;1袦63袧-3
SERVICE.AUTO-0057;AUTO-0057
SERVICE.SVC-0018;SVC-0018
STANOK.1袦65;1袦65
TRAPVINTI.袙懈薪褌褘-袣邪褉械褌芯褔薪褘械-泻芯屑锌谢械泻褌;袙懈薪褌褘-袣邪褉械褌芯褔薪褘械-泻芯屑锌谢械泻褌
TRAPVINTI.袙懈薪褌褘-小褍锌锌芯褉褌薪褘械-泻芯屑锌谢械泻褌;袙懈薪褌褘-小褍锌锌芯褉褌薪褘械-泻芯屑锌谢械泻褌
FARTUK.RT783-APR-KIT;RT783-APR-KIT
FARTUK.RT783-APR-ASSY;RT783-APR-ASSY
FARTUK.RT983-APR-KIT;RT983-APR-KIT
FARTUK.RT983-APR-ASSY;RT983-APR-ASSY
FARTUK.RT783-FLT-25;RT783-FLT-25
FARTUK.RT983-FLT-25;RT983-FLT-25
LC.LC-M4-P5;LC-M4-P5
LC.LC-M5-P5;LC-M5-P5
SVPA.袪孝30101.91.150;袪孝30101.91.150
SVPA.16袣20孝1.159.020.000/020;16袣20孝1.159.020.000/020
SVPA.16袣20孝1.154.000.000/010/020;16袣20孝1.154.000.000/010/020
SVPA.16袣30肖30.18.000;16袣30肖30.18.000
SVPA.1325肖袟.220.600;1325肖袟.220.600
SVPA.52.02.30.600袗;52.02.30.600袗
SVPA.16袣20孝1. 159.020.000/020;16袣20孝1. 159.020.000/020
SVPA.2小132袩袦肖2.36.000;2小132袩袦肖2.36.000
SVPA.2小150袩袦肖4.27.040;2小150袩袦肖4.27.040
SVPA.4袥721.肖1.20.220;4袥721.肖1.20.220
SVPA.袟袛725.502.010;袟袛725.502.010
SVPA.6孝13肖3-1.700.001;6孝13肖3-1.700.001
SVPA.袚肖2171小6.700.001;袚肖2171小6.700.001
SVPA.袟袥722袙.323.000;袟袥722袙.323.000
SVPA.500袦肖4.308.003;500袦肖4.308.003
SVPA.袪孝717肖3.18.000;袪孝717肖3.18.000
SVPA.袪孝755肖3.70.000;袪孝755肖3.70.000
SVPA.小袗630小30肖3.55袗.100;小袗630小30肖3.55袗.100
SVPA.小袙141袩.11.000;小袙141袩.11.000
SHVENGASPISOK.AUTO-0003;AUTO-0003
SHVENGASPISOK.SVC-0020;SVC-0020
SHEST.楔械褋褌械褉薪懈-袟袘-褋械褉懈褟;楔械褋褌械褉薪懈-袟袘-褋械褉懈褟
SHEST.楔械褋褌械褉薪懈 泻芯褉芯斜泻懈 褉械胁械褉褋邪 褋褌邪薪泻芯胁 1袧983, 1袗983, 1袦9;楔械褋褌械褉薪懈 泻芯褉芯斜泻懈 褉械胁械褉褋邪 褋褌邪薪泻芯胁 1袧983, 1袗983, 1袦9
SHEST.楔械褋褌械褉薪懈-肖邪褉褌褍泻-16袣40;楔械褋褌械褉薪懈-肖邪褉褌褍泻-16袣40
SHEST.楔械褋褌械褉薪懈-肖邪褉褌褍泻-16袦30;楔械褋褌械褉薪懈-肖邪褉褌褍泻-16袦30
SHEST.楔械褋褌械褉薪懈-肖邪褉褌褍泻-1袦65;楔械褋褌械褉薪懈-肖邪褉褌褍泻-1袦65
SHEST.楔械褋褌械褉薪懈-肖邪褉褌褍泻-1袧65;楔械褋褌械褉薪懈-肖邪褉褌褍泻-1袧65
SHEST.楔械褋褌械褉薪懈-肖邪褉褌褍泻-袪孝117;楔械褋褌械褉薪懈-肖邪褉褌褍泻-袪孝117
SHEST.楔械褋褌械褉薪懈-肖邪褉褌褍泻-袪孝817;楔械褋褌械褉薪懈-肖邪褉褌褍泻-袪孝817
SHEST.楔械褋褌械褉薪懈-肖邪褉褌褍泻-袪孝917;楔械褋褌械褉薪懈-肖邪褉褌褍泻-袪孝917
MUFTA.UBB112-GEAR-M8-42;UBB112-GEAR-M8-42
MUFTA.UBB112-GEAR-M8-84;UBB112-GEAR-M8-84
MUFTA.UBB112-GI-M6-36;UBB112-GI-M6-36
MUFTA.UBB112-GI-M6-72;UBB112-GI-M6-72
SERVICE.AUTO-0024;AUTO-0024
SPINDELBABKA.RT783-SP-ASSY;RT783-SP-ASSY
SPINDELBABKA.RT983-SP-ASSY;RT983-SP-ASSY
SERVICE.AUTO-0005;AUTO-0005
KOMPLEKT.REV-HEAD-SPARE-001;REV-HEAD-SPARE-001
KOMPLEKT.REV-HEAD-TOOLS-001;REV-HEAD-TOOLS-001
SPINDELBABKA.SPINDLE-SHAFT-1M63-KIT;SPINDLE-SHAFT-1M63-KIT
SPINDELBABKA.SPINDLE-SHAFT-1M65-KIT;SPINDLE-SHAFT-1M65-KIT
SPINDELBABKA.SPINDLE-GEARS-1M63-KIT;SPINDLE-GEARS-1M63-KIT
SPINDELBABKA.SPINDLE-GEARS-1M65-KIT;SPINDLE-GEARS-1M65-KIT
SPINDELBABKA.SPINDLE-SPARE-UNIVERSAL;SPINDLE-SPARE-UNIVERSAL
SPINDELBABKA.REAR-SPINDLE-DIP300-001;REAR-SPINDLE-DIP300-001
SPINDELBABKA.REAR-SPINDLE-DIP1500-001;REAR-SPINDLE-DIP1500-001
SPINDELBABKA.REAR-BABKA-DIP300-ASM;REAR-BABKA-DIP300-ASM
SPINDELBABKA.REAR-BABKA-DIP1500-ASM;REAR-BABKA-DIP1500-ASM
KOMPLEKT.FEED-BOX-1H983-KIT;FEED-BOX-1H983-KIT
KOMPLEKT.FEED-BOX-DIP300-KIT;FEED-BOX-DIP300-KIT
SPINDELZADNBABKA VAL SHESTERN  ZAPASNCHAST SPINDELUZEL VALSPINDELBABKI UNIVERSOSNASTKA SHESTERNPRIVOD SHESTERNFARTUKA SVP VINTYZAJIM SHARVINTPER CHUGKORPMATGAYK FARTUK SUPPORT SMENSHEST ROLUPR ROLSGLAZ  ROLNAKAT REZCEDERZ POMPPOD PINOL PATRONTOK PATRON MATGAJK KULMIAGK KULSOST KULTVERD KONSHEST KOLESZUBSHPINDBAB  VTULKA KLAP KLAPOBRATN VILKSHPINBAB VALSHPINDBAB VALIKKOLZUB VALSHEST 