Наименование;Описание
# Диск инструментальный 1П756ДФ3.47.000 (Для Револьверной головки 1П756ДФ3.39.000);Диск инструментальный 1П756ДФ3.47.000 предназначен для установки режущего инструмента в револьверную головку станков с ЧПУ модели 1П756ДФ3. Обеспечивает надежную фиксацию и позиционирование резцов при обработке деталей.
# Зубчатое колесо пятой оси m-5 z-50 165.02.439 (Для станков 1М65 1Н65 ДИП500 165);Зубчатое колесо пятой оси m-5 z-50 165.02.439 предназначено для трансмиссии шпиндельной бабки токарно-винторезных станков моделей 1М65, 1Н65, ДИП500, 165. Обеспечивает передачу крутящего момента на пятую координатную ось при обработке сложных деталей.
# Муфта обгонная 1М65 60 900 (Для станков 1М65 165 ДИП500);Муфта обгонная 1М65 60 900 предназначена для установки в коробку скоростей токарно-винторезных станков модели 1М65. Обеспечивает односторонний поворот и защиту механизма от обратного вращения при переключении скоростей.
# Поддержка винта-вала 1М63 11 001 (Для станков 1М63);Поддержка винта-вала 1М63 11 001 предназначена для фиксации и поддержания ходовых винтов в шпиндельной бабке и каретке токарно-винторезных станков модели 1М63. Обеспечивает надежное крепление и центрирование винтов при работе.
# Шестерни для Китайских станков (произведено в РФ);Шестерни для замены изношенных передач на китайских токарных станках. Полная совместимость с оборудованием иностранного производства. Производство в РФ по оригинальным чертежам и техническим условиям.
# Шестерня сварная для фрезерного станка FU450;Шестерня сварная предназначена для передачи крутящего момента в главном приводе фрезерного станка FU450. Выполняет функцию промежуточного звена в кинематической цепи привода шпинделя, обеспечивая надежную передачу усилий при фрезеровании деталей.
4-х кулачковые механизированные патроны для обработки заготовок ф. 1250и 1500мм.;Четырехкулачковые механизированные патроны предназначены для крепления и центрирования крупногабаритных заготовок диаметром 1250 и 1500 мм на колесотокарных и специальных станках. Обеспечивают автоматизированный зажим при высоких требованиях к точности центрирования.
Блок шестерен;является основной частью коробки передач токарных станков. Предназначен для изменения и регулирования частоты вращения шпинделя и величины подачи инструмента при выполнении различных операций обработки деталей.
Блок шестерня;Блок шестерни предназначен для передачи крутящего момента в составе кинематической цепи станка. Представляет собой сборку нескольких зубчатых колес, работающих совместно для изменения скоростей и величины передаваемого момента при различных режимах обработки.
Блок шестерня второй оси m-4 z-35 z-35 1А64.02.841 (Для станков 1М65 1Н65 ДИП500 165);ельной бабки токарно-винторезных станков моделей 1М65, 1Н65, ДИП500, 165. Обеспечивает передачу крутящего момента на вторую ось.
Блок шестерня четвертой оси m-4;предназначен для трансмиссии шпиндельной бабки токарно-винторезных станков. Обеспечивает передачу крутящего момента на четвертую координатную ось при многоосевой обработке.
Блок-шестерни 28/49 консольно-фрезерных станков мод. FSS 400;Применяются в консоли консольно-фрезерного станка мод. FSS400 служит для осуществления работы и взаимодействия механизмов консоли и стола станка поставляется в паре.
Блок-шестерни и муфта консольно-фрезерных станков мод. FSS 400;Применяются в консоли консольно-фрезерного станка мод. FSS 400 служит для осуществления работы и взаимодействия механизмов консоли и стола станка поставляется в паре.
Болты для резцедержателей М16х2мм;Болты метрической резьбой М16х2 мм предназначены для крепления и фиксации резцов в резцедержателях токарных станков. Обеспечивают надежное закрепление инструмента при различных операциях обработки.
Болты для резцедержателей М22х2мм для ремонтных резцедержателей;Болты метрической резьбой М22х2 мм предназначены для крепления и фиксации резцов в специальных ремонтных резцедержателях токарных станков. Обеспечивают надежное закрепление инструмента при обработке деталей.
Вал 10-ти шлицевой 5-ой оси в сборе с шестернями 1М65 1Н65 ДИП500 165 РТ117 РТ817 шпиндельная бабка;Вал 10-ти шлицевой 5-ой оси в сборе с шестернями применяется в шпиндельной бабке токарно-винторезных станков моделей 1М65, 1Н65, ДИП500, 165, РТ117, РТ817. Вал предназначен для передачи крутящего момента и изменения скорости вращения шпинделя. Компоненты изготавливаются из высокопрочной стали и обеспечивают надежную передачу мощности, точность позиционирования и стабильную работу коробки скоростей при выполнении различных операций обработки деталей.
Вал 6-ти шлицевой для станков 1М63;Вал 6-ти шлицевой предназначен для передачи крутящего момента между узлами токарного станка при помощи шлицевого соединения. Обеспечивает надежную передачу вращения без проворачивания.
Вал первой оси (в сборе) шпиндельная бабка-коробка скоростей станков 1М65 1Н65 ДИП500 165;Вал первой оси в сборе является основным элементом трансмиссии шпиндельной бабки станка. Обеспечивает передачу и распределение крутящего момента от электродвигателя к шпинделю через коробку скоростей, обеспечивая различные режимы работы станка.
Вал фрикционный для фрезерных станков мод. 6Н12;Вал фрикционный предназначен для регулировки и управления вращением шпинделя фрезерного станка при различных режимах обработки. Обеспечивает плавное включение и отключение передачи мощности при выполнении различных операций фрезерования.
Вал шестерня фартука токарно-винторезного станка мод. 1К62;Вал-шестерня предназначена для передачи движения фартуку станка при включении режима подачи. Обеспечивает связь между коробкой передач и механизмом подачи инструмента.
Вал шлицевой зажима разжима кулачков токарных патронов станков 1Н983;Вал шлицевой предназначен для передачи усилия зажима и разжима кулачков токарного патрона на специальном трубном станке 1Н983. Обеспечивает надежное управление зажимом при крепле
Вал-Шестерня перемещения венца токарного патрона (Для станков 1М65 1Н65 ДИП500 165 устанавливается в шпиндельную бабку);Вал-шестерня предназначена для передачи движения системе зажима и разжима кулачков токарного патрона. Обеспечивает синхронное перемещение венца при автоматическом закреплении и отпускании заготовки в патроне.
Вал-шестерня револьверной головки 1П756ДФ3.40.000;Применяется в резцедержателе (в 4-х позиционной револьверной головки 1П756ДФ3.40.000), станков специальных с ЧПУ мод. 1П756ДФ3, используется в качестве запасной части. Применяется для придания вращения корпуса револьверной головки.
Валик шпиндельной бабки станков 16К40;Применяется в качестве запасной части в шпиндельной бабке токарно-винторезных станков мод. 16К40. Поставляются как отдельно так и совместно с шестернями.
Валы фрикционные (фрикционы) 2М55, 2М58;Применяются в станках 2М55, 2М58 в качестве запасной части и служит для переключения вала и регулирования числа оборотов станка.
Валы шлицевые 2-ой 3-ей 4-ой 5-ой оси (Для станков 1М65 1Н65 ДИП500 165) шпиндельная бабка;Валы шлицевые предназначены для передачи крутящего момента в системе коробки скоростей шпиндельной бабки станка. Обеспечивают связь между различными ступенями передач и обеспечивают возможность изменения частоты вращения шпинделя.
Венец (колесо зубчатое) токарного патрона Ø 630мм. станков РТ783,РТ783Ф3;Применяется в качестве запасной части в специальном токарном патроне Ø 630мм. (левый, правый патрон) специальных трубообрабатывающих станков мод. РТ783, РТ783Ф3 и т.д., служит для вращения патрона. Поставляется как отдельно так и совместно с кулачками, ползушками, винтами, сухарями.
Венец колесо зубчатое токарного патрона Ø 1000мм станков 1М65;Венец зубчатый предназначен для передачи крутящего момента при вращении токарного патрона диаметром 1000 мм станка 1М65. Обеспечивает надежное зацепление с приводным механизмом при зажиме и отпуске детали в патроне.
Виброопоры для промышленного оборудования;Виброопоры предназначены для изоляции вибрации промышленного оборудования от фундамента и конструкций. Изделия обеспечивают амортизацию динамических нагрузок и защиту оборудования от вибрационного воздействия. Виброопоры изготавливаются из специальных эластомерных материалов и обеспечивают надежную виброизоляцию, снижение шума при работе оборудования и продление срока эксплуатации станочного оборудования и других механизмов.
Вилка 1М63 02 072;Вилка предназначена для передачи движения от механизма управления к различным элементам станка. Обеспечивает угловое соединение и передачу движения при включении и выключении различных узлов токарных станков.
Вилка переключения фрикциона 16К20.020.074 токарно-винторезного станка мод. 16К20;Применяется для переключения фрикционного вала токарно-винторезного станка мод. 16К20 служит для осуществления работы и взаимодействия механизмов станка и шпиндельной бабки (коробки скоростей).
Вилка реверса шпиндельной бабки для станков 1М63,1М63Н, 163,ДИП300;Вилка реверса шпиндельной бабки предназначена для изменения направления вращения шпинделя станка. Устанавливается в шпиндельной бабке и обеспечивает надежное переключение между прямым и обратным вращением шпинделя. Деталь изготавливается из высокопрочной стали и обеспечивает точное и безопасное управление направлением вращения при выполнении различных токарных операций. Используется в токарно-винторезных станках моделей 1М63, 1М63Н, 163, ДИП300 для надежной работы механизма реверса.
Винт поперечный в сборе для станков 1М63, 1М63Н, 163, ДИП300, 16К40;Винт в сборе применяется в каретках токарно-винторезных станках для поперечного перемещения каретки станков, поставляется в сборе.
Винт поперечный кареточный винт две гайки чугун Для станков 1М65;Винт поперечный с двумя гайками предназначен для обеспечения поперечного перемещения каретки токарно-винторезного станка 1М65. Чугунная конструкция обеспечивает надежность и долговечность при высоких нагрузках при обработке деталей.
Винт поперечный под конусную линейку кареточный;Применяется в каретках токарно-винторезных станков для поперечного перемещения верхнего суппорта. Поставляется как отдельно, так и в комплекте с двумя бронзовыми гайками.
Винт с гайкой поперечной подачи 16К20 стандартный и удлиненный на 100мм.;Винт с гайкой предназначен для обеспечения поперечного перемещения суппорта токарно-винторезного станка 16К20. Поставляется в двух вариантах: стандартной длины и удлиненной на 100 мм для специальных конфигураций станка.
Винт с гайкой поперечной подачи для импортного оборудования;Применяется в каретках токарно-винторезных станков для поперечного перемещения верхнего суппорта, поставляется в комплекте с бронзовой гайкой.
Винты;применяются в различных узлах и механизмах токарных станков и промышленного оборудования для крепления деталей и передачи движения. Используются в коробках передач, суппортах, люнетах и других элементах станков.
Винты в комплекте с гайками для люнетов станков 1М63 1М63Н 16К40 1М65 1Н65 РТ117 РТ817 ДИП300 ДИП400 ДИП 500;Винты с гайками предназначены для крепления и фиксации люнетов на различных токарно-винторезных станках. Обеспечивают надежное удержание люнета при обработке длинных деталей, защищая их от прогиба и вибраций.
Винты к трубному патрону для импортных станков;Набор из 4шт. для перемещения кулачков в специальных токарных патронах трубных станков импортного производства.
Вкладыши бронза для кривошипных прессов мод. КЕ2330;Вкладыши бронзовые предназначены для уменьшения трения в опорных узлах кривошипных прессов модели КЕ2330. Обеспечивают длительную и бесперебойную работу оборудования при штампировке и формовке металла.
Вкладыши бронза для прессов мод. Zanni 200 Италия;Вкладыши бронзовые предназначены для снижения трения в опорных узлах гидравлических прессов модели Zanni 200 производства Италия. Обеспечивают плавное скольжение рабочих органов и увеличивают ресурс оборудования при прессовании и формовке материалов.
Водило УГ9311.0207.000 для револьверной головки УГ9326;Водило УГ9311.0207.000 предназначено для установки режущего инструмента в револьверную головку УГ9326 станков с ЧПУ. Обеспечивает надежную фиксацию и позиционирование резцов при автоматическом переключении инструмента.
Втулка переходная центров для станков;Устанавливается в шпиндельную бабку и в шпиндель, служит для установки центров станков. Имеет специальное исполнение и поставляется как отдельно, так и в комплекте с глухими центрами.
Гайка бронза головки 1П756ДФ3.40.000;Гайка бронзовая предназначена для крепления и фиксации компонентов револьверной головки 1П756ДФ3. Обеспечивает надежное соединение с минимальным люфтом при циклических нагрузках во время работы станка.
Гайка маточная ( с корпусом) для станков 1М63,1М63Н, 16К40, 1Н65,1М65 и т.д.;Применяется в фартуках токарно-винторезных станков 1М63, 1М63Н, 16К40, 1Н65, 1М65 и т.д. в качестве запасной части через которую проходит ходовой винт, может поставляться как отдельно (разрезная бронзовая гайка состоящая из 2-х полугаек) так и в комплекте с чугунным корпусом.
Гайка ШВП для станков РТ755Ф3 поперечная, продольная (Российского производства);Применяется в специальных токарных станках с ЧПУ мод. РТ755Ф3 для преобразования вращательного движения в прямолинейное, устанавливается на поперечное и продольное перемещение суппорта станка, кинематическая точность 4-6мкм.
Гайка шпинделя специального станка глубокого сверления и растачивания РТ403;Гайка шпинделя предназначена для крепления сверлильной головки на шпиндели специального станка глубокого сверления и растачивания модели РТ403. Устанавливается на шпиндель станка в шпиндельной бабке. Гайка обеспечивает надежное крепление инструмента и точное позиционирование при выполнении операций сверления и растачивания отверстий. Изготавливается из высокопрочной стали и обеспечивает надежную работу при высоких скоростях вращения и значительных нагрузках.
Гидрораспределители для промышленного оборудования;Применяется в качестве запасной части в различном промышленном оборудовании. Область применения машиностроение, тяжелое машиностроение, нефтегазовый комплекс, станкостроение и другое промышленное оборудование.
Гнездо 163.04.174;Гнездо предназначено для крепления и направления различных механизмов токарного станка. Обеспечивает точное позиционирование элементов конструкции и служит опорной точкой для передачи усилий при работе станка.
Головка электромеханическая ЭМГ-50 для фрезерных;Головка электромеханическая ЭМГ-50 предназначена для автоматизации управления и позиционирования на фрезерных станках. Обеспечивает электромеханическое управление ходом каретки и коллектив движения инструмента во время обработки деталей.
Диск инструментальный 1П756ДФ3.47.000 Для Револьверной головки 1П756ДФ3.39.000 станка 1П756ДФ3;Диск инструментальный применяется в революольверной головке 1П756ДФ3.39.000 станка 1П756ДФ3 в качестве запасной части служит для установки и крепления режущего инструмента.
Диски индексирующие для карусельных станков 1512,1516,1525;Применяется в качестве запасной части в специальных карусельно-токарных станках 1512, 1516, 1525, поставляются комплектом, от 2-х шт., так и единично, каленые.
Диски фрикционные (6-ти и 8-ми шлицевые) для станков и промышленного оборудования;Диски фрикционные предназначены для передачи крутящего момента в муфтах сцепления станков и промышленного оборудования. Обеспечивают плавное включение и отключение привода при различных режимах работы и защищают механизм от перегрузок.
Диски фрикционные 1М63.21.387 и 1М63.21.388 для станков 1М63;Диски фрикционные предназначены для обеспечения фрикционной передачи крутящего момента в механизме привода главного шпинделя токарно-винторезного станка 1М63. Обеспечивают мягкое включение и плавную работу передачи при различных режимах.
Диски фрикционные для кран балок;Диски фрикционные предназначены для передачи крутящего момента в муфтах сцепления кран-балок и подъемного оборудования. Обеспечивают плавное включение и защиту механизма от перегрузок при работе.
Диски фрикционные для станков 16Р25П;Диски фрикционные предназначены для фрикционной передачи крутящего момента в механизмах привода токарно-револьверного станка 16Р25П. Обеспечивают мягкое включение-отключение передач и регулировку скоростей при переходе между режимами работы.
Задняя бабка гидравлическая в комплекте с мостиком станков с ЧПУ 16К30Ф3;Шпиндельные бабки (коробки скоростей), коробки подач, верхние суппорта, ползушки, каретки, фартука, задние бабки (включая мостики): изготовление с нулевого цикла, начиная с литья корпусов - комплектация узлов: шестерни, шлицевые валы, подшипники, вилки, шпинделя и т.д. по капитальному ремонту и модернизации полная замена внутренних составляющих соответственно (шестерни, шлицевые валы, подшипники, расточка корпусов, шлифовка, общая сборка узлов).
Запасные части для Револьверных головок РГ УГ 9326 блок зубчатых колёс УГ9311.0200.53;Блок зубчатых колес предназначен для замены в револьверной головке типа РГ-УГ 9326. Обеспечивает передачу крутящего момента для синхронизации вращения револьверной головки и переключения позиций инструмента.
Запасные части для резцедержателей 1М65,1Н65,ДИП500,РТ117,РТ817;Каталог продукции включает следующие позиции: вилки штока поворотного, шпонки клиновые под инструментальные блоки (патроны), втулки регулировочные различных типоразмеров, направляющие и вкладыши каретки, оправки специальные для крепления инструмента. Продукция изготовлена из высокопрочных материалов и обеспечивает надежное крепление и точное позиционирование режущего инструмента при обработке деталей на всех этапах производства.
Запасные части для станков (Муфта электромагнитная Э144-2А в сборе с поводком-коронкой);Муфта электромагнитная Э144-2А в сборе с поводком-коронкой используется для включения и отключения шпинделя станка. Обеспечивает безопасное и надежное управление вращением шпинделя при обработке деталей на токарно-винторезных станках.
Запасные части для станков 1М63;Запасные части для токарно-винторезных станков модели 1М63. Полный ассортимент комплектующих для ремонта и восстановления узлов и механизмов станка. Все детали производятся по оригинальным чертежам с высокой точностью.
Запасные части для станков- муфта электромагнитная ЭТМ 096-2А в комплекте с дисками;Применяется в качестве запасной части электрической цепи для токарно-винторезных станков, прессов, фрезерных станков, сверлильных и шлифовальных станков. Применяются как отдельно так и с поводком-коронкой.
Запасные части для фрезерных станков FU-450 вал-шестерня FU-400.15.10.327;Вал-шестерня предназначен для замены в фрезерном станке модели FU-450. Обеспечивает передачу крутящего момента в кинематической цепи привода главного шпинделя при фрезеровании деталей.
Запасные части для фрезерных станков и станков с ЧПУ;Запасные части предназначены для обслуживания и ремонта фрезерных станков и станков с числовым программным управлением. Используются при замене изношенных деталей для восстановления первоначальной производительности и точности оборудования.
Запасные части к токарным станкам;Запасные части предназначены для обслуживания и ремонта токарных станков различных моделей. Используются при замене изношенных деталей для восстановления работоспособности оборудования и повышения его надежности.
Захват инструмента 6Т13МФ4-1.37.271 для фрезерных станков;Захват инструмента предназначен для надежного закрепления режущего инструмента в шпинделе фрезерного станка. Обеспечивает точное центрирование инструмента и его надежную фиксацию при выполнении операций фрезерования с высокой скоростью вращения.
Зубчатое колесо пятой оси m-4;предназначено для трансмиссии шпиндельной бабки токарно-винторезных станков. Обеспечивает передачу крутящего момента на пятую координатную ось при обработке многоосевых деталей.
Зубчатое колесо пятой оси m-4 z-49 1А64.02.349 (Для станков 1М65 1Н65 ДИП500 165);Зубчатое колесо пятой оси m-4 z-49 1А64.02.349 предназначено для трансмиссии шпиндельной бабки токарно-винторезных станков моделей 1М65, 1Н65, ДИП500, 165. Обеспечивает передачу крутящего момента на пятую координатную ось.
Зубчатое колесо третьей оси m-4 z-35 1А64.02.848 (Для станков 1М65 1Н65 ДИП500 165);Зубчатое колесо третьей оси m-4 z-35 1А64.02.848 предназначено для трансмиссии шпиндельной бабки токарно-винторезных станков моделей 1М65, 1Н65, ДИП500, 165. Обеспечивает передачу крутящего момента на третью ось.
Зубчатое колесо третьей оси m-6 z-18 1А64.02.865 (Для станков 1М65 1Н65 ДИП500 165);Зубчатое колесо третьей оси m-6 z-18 1А64.02.865 предназначено для трансмиссии шпиндельной бабки токарно-винторезных станков моделей 1М65, 1Н65, ДИП500, 165. Обеспечивает передачу крутящего момента на третью координатную ось.
Зубчатое колесо шпинделя m-5 z-75 Для станков 1М65 1Н65 ДИП500 165 РТ117 РТ817;Применяется в шпиндельной бабке устанавливается на шпиндель станка внутренняя посадка ф. 185мм.Н7, на шпонку (термообработанная, зубошлифованная).
Изготовление конических шестерен с круговым зубом;Конические пары с прямым и круговым зубом до 6 класса точности до m-26, D- 2 500 мм (в т.ч. гипоидные пары). Конические зубчатые передачи представляют собой механизм, который состоит из скрепленных колес с зубьями. Их применяют для преобразования крутящих моментов и угловых скоростей для передачи вращательного движения. Конические пары необходимы, когда пересекаются приводные валы и нужно передать вращательное движение. Гипоидная передача (гиперболоидная) - вид винтовой зубчатой передачи со скре
Изготовление пружин различных типов и конфигурации;Пружины изготавливаются различных типов и конфигураций для применения в механизмах токарных станков и промышленного оборудования. Используются для накопления энергии, амортизации и обеспечения упругого возврата элементов конструкции.
Изготовление пружин различных типов и конфигурации (пружины сжатия);Пружины сжатия предназначены для амортизации, накопления энергии и обеспечения упругого возврата элементов механизмов при работе станков и промышленного оборудования. Используются в различных узлах и механизмах для обеспечения надежной работы.
Изготовление пружин различных типов и конфигурации большие типоразмеры;Пружины большого типоразмера предназначены для использования в мощных механизмах и оборудовании, требующих значительных упругих усилий. Используются в буферных системах, амортизаторах и других узлах промышленного оборудования.
Изготовление шарико-винтовых пар класса точности П3;Шарико-винтовая передача – преобразует вращательное движение вала в линейное движение узла. Движение осуществляется за счет возвратно-поступательного перемещения шариков между винтовыми поверхностями винта и гайки при повороте одного из элементов пары. Шарико-винтовые пары класса точности П3 обеспечивают высокую точность позиционирования и надежную работу станков, обеспечивают стабильную подачу инструмента и точное перемещение рабочих узлов при обработке деталей.
Капитальный ремонт ШВП (63х10мм. поперечная) станка С ЧПУ РТ755Ф3;Доведение ШВП до состояния нового, гарантия на ШВП 6 месяцев, разборка ШВП, рихтовка вала, резьбошлифовка, изготовление новых гаек, восстановление/замена корпуса гаек, замена шариков, сборка ШВП, испытание, консервация. Технология ремонта и модернизации ШВП включает в себя: перешлифовку спецрезьбы и шеек винта ШВП при сохранении закаленного слоя, изготовление новой спецгайки, замену втулок вкладышей, корпуса спецгайки, шариков. Все точностные параметры восстановленной ШВП соответствуют новому из
Капитальный ремонт ШВП (80х10мм. Шарико-винтовой пары);Капитальный ремонт шарико-винтовой пары предназначен для восстановления и регулировки износившейся передачи в системах позиционирования станков с числовым программным управлением. Включает полную разборку, очистку, замену изношенных деталей и регулировку.
Клиновые опоры (чугун) исполнение 110,130,140;Клиновые опоры изготавливаются в исполнениях 110, 130, 140 (чугун) имеют две составные части, используются для установки станков и другого промышленного оборудования непосредственно на фундамент, имеют регулировочные болты с площадкой для выставки и регулировки основания станин оборудования на фундаменте. Имеют различную грузоподъемность в зависимости от устанавливаемого на них оборудования. Исполнение 110 - длина опоры 240мм, грузоподъемность до 2500кгс. Исполнение 130 - длина опоры 300мм, груз
Клиновые ремни для промышленного оборудования;Применяются в токарных фрезерных сверлильных, шлифальных станках и другом промышленном оборудовании для передачи вращательного движения от приводов оборудования (главного двигателя, двигателей) на шпинделя, и другие узлы промышленного оборудования. Имеют различные длины и конфигурацию. Поставляются в зависимости от мощности используемого оборудования и его технических характеристик.
Клинья для станков мод. 1М63;Клинья предназначены для регулировки зазоров в направляющих каретки и суппорта станка. Обеспечивают точное выравнивание и исключение люфтов при передаче движения от ходового винта к подвижным узлам станка.
Клинья для станков мод. ИР1250;Производство и поставка клиньев для станков, применяются в различных конструктивных вариантах и различных конструкционных деталей станочных узлов и механизмов.
Колесо зубчатое УГ9311.0200.057 для револьверной головки УГ9326;Колесо зубчатое УГ9311.0200.057 предназначено для трансмиссии револьверной головки УГ9326 станков с ЧПУ. Обеспечивает передачу крутящего момента при индексировании инструмента и автоматическом переключении позиций.
Кольца пружинные для токарных станков и промышленного оборудования;Кольца пружинные применяются в токарных станках и промышленном оборудовании для фиксации и удержания компонентов на валах и осях. Изделия обеспечивают надежное крепление деталей и предотвращают их смещение при работе оборудования. Кольца пружинные изготавливаются из высокопрочной стали и обеспечивают длительный срок эксплуатации, надежность функционирования и стабильность всей системы при выполнении различных операций обработки и обслуживания станочного оборудования.
Комплект кулачков (3шт.) 3-250.35.11.004 для патрона ф.250мм.;Комплект кулачков в количестве 3 штук модель 3-250.35.11.004 предназначен для использования в патронах диаметром 250мм токарных станков. Кулачки служат для надежного крепления и позиционирования обрабатываемых деталей. Изделия изготавливаются из высокопрочной стали с особой закалкой и обеспечивают надежную фиксацию заготовок, точное центрирование и стабильную работу механизма зажима при выполнении различных операций обработки деталей.
Комплект роликов (в сборе) для неподвижного люнета станков 1М63Н;Комплект роликов предназначен для сборки неподвижного люнета и служит для поддержки и направления обрабатываемой детали при выполнении операций точения. Обеспечивает точное центрирование и исключает биение длинных деталей при высокой частоте вращения.
Комплект секторов с пружинами резцедержателей токарно-винторезного станка модели 16К20;Комплект секторов с пружинами предназначен для закрепления и фиксации резца в резцедержателе токарного станка. Обеспечивает надежное удержание инструмента при выполнении различных операций обработки деталей и предотвращает его смещение под нагрузкой.
Комплектующие для люнетов башмаки ролики вилки;Комплектующие для люнетов предназначены для сборки и функционирования люнетов токарных станков. Включают башмаки для направления, ролики для поддержки детали и вилки для закрепления конструкции при обработке длинных валов.
Конические пары с прямым и круговым зубом до 6 класса точности до m-26;Конические пары зубчатых колес предназначены для передачи крутящего момента между пересекающимися валами на различных станках. Изготавливаются с прямым и круговым профилем зуба с точностью до 6 класса и модулем до m-26.
Конические прижимы инструмента револьверных головок 1П756ДФ3.40.000 и 1П756ДФ3.39.000;Конические прижимы предназначены для надежного крепления и ориентирования режущего инструмента в позициях револьверной головки станка с числовым программным управлением. Обеспечивают точное центрирование и удержание инструмента при работе.
Конические шестерни 16К40 (ползушка);Конические шестерни для ползушки станка модели 16К40 предназначены для передачи крутящего момента между валами, расположенными не параллельно друг другу. Коническая передача состоит из двух зубчатых колес - ведущего и ведомого, установленных под углом. Данный тип передачи применяется при необходимости изменения направления вращения или распределения мощности. Шестерни изготавливаются из высокопрочной стали и обеспечивают стабильную работу механизма подач станка при обработке деталей.
Конструкция и назначение люнета неподвижного токарно-винторезных станков модели 16К40;"Люнет неподвижный предназначен для поддержки обрабатываемой детали при точении длинномерных заготовок. Основные элементы конструкции: корпус, служащий основой устройства и обеспечивающий крепление остальных элементов; центры подвижные, располагающиеся симметрично относительно центра заготовки и обеспечивающие фиксацию детали по диаметру; рычаги регулировки центров, позволяющие точно устанавливать положение центров для оптимального прижима и стабильной работы при обработке деталей с высокими треб"
Концевые переключатели (концевики) (для промышленного оборудования и станков);Используются на промышленном оборудовании и станках. Служат для отключения (блокировки) на кожухах станков и т.д. на перемещения подвижных частей станка и промышленного оборудования.
Коробка подач в сборе станков мод. 1М63;Коробка подач в сборе предназначена для управления скоростями продольной и поперечной подачи токарно-винторезного станка 1М63. Содержит полный набор шестерен и механизмов для изменения подачи в зависимости от типа обрабатываемого материала и требуемого режима резания.
Кронштейн задний для станков;Крепежная деталь для станков токарно-винторезных, применяется в конструкции станков серии 1М63 и аналогичных моделей. Обеспечивает надежное крепление и позиционирование элементов станка.
Кронштейн насоса токарно-винторезных станков 1М63,1М63Н,ДИП300;Кронштейн насоса токарно-винторезного станка моделей 1М63, 1М63Н, ДИП300 представляет собой конструктивный элемент, обеспечивающий надежное крепление гидравлического оборудования (насоса) к корпусной части станка. Основная функция данного элемента заключается в обеспечении устойчивого положения агрегата и предотвращении его смещения при работе, что обеспечивает стабильную подачу смазочно-охлаждающей жидкости (СОЖ) и оптимальный режим обработки деталей.
Кронштейн перемещения задней бабки станков 1Н65;Кронштейн предназначен для крепления и направления перемещения задней бабки на продольных направляющих токарного станка. Обеспечивает точное позиционирование и надежную фиксацию при работе станка.
Кронштейн телефонная трубка фартука станков;Применяется в фартуках в качестве соединительной детали станков токарно-винторезных. Изготавливается из чугуна литьевым методом, обеспечивая надежное соединение компонентов фартука.
Кулачки для план шайб станков 1512,1516;Кулачки для план шайб станков моделей 1512, 1516 предназначены для крепления и позиционирования обрабатываемых деталей в токарно-карусельных станках. Изделия обеспечивают надежную фиксацию заготовок и точное позиционирование при выполнении операций обработки. Кулачки изготавливаются из высокопрочной стали и обеспечивают стабильную работу механизма зажима при длительной эксплуатации и высоких нагрузках при обработке крупногабаритных деталей различного назначения.
Кулачки для токарных патронов ф. 1000мм. и 1250мм.;Кулачки предназначены для зажима и удержания деталей в больших токарных патронах диаметром 1000 и 1250 мм. Обеспечивают надежное крепление заготовок при обработке на токарных станках при различных режимах резания.
Кулачки зажима колесной пары для колесотокарных станков мод.КЗТС1836;Кулачки зажима предназначены для надежного закрепления колесных пар железнодорожных вагонов и локомотивов на колесотокарном станке модели КЗТС1836. Обеспечивают точное центрирование и безопасное удержание детали при обработке.
Кулачок концевик продольного перемещения фартука для станков 1Н983;Кулачок-концевик предназначен для ограничения продольного перемещения фартука токарного станка 1Н983 и срабатывания соответствующих элементов управления. Обеспечивает безопасную работу оборудования путем отключения подач при достижении крайних положений.
Кулачок малый левый;предназначен для зажима деталей в токарных патронах. Работает в комплекте с другими кулачками для обеспечения надежного центрального закрепления заготовок при обработке на станках.
Кулачок сектор зубчатый левый;Кулачок-сектор с зубчатым профилем предназначен для зажима деталей в револьверных головках и специальных приспособлениях. Обеспечивает надежное удержание при обработке на высоких скоростях вращения.
Лента тормозная, вилка карболит для токарно-винторезных станков мод. 16К20, 1К62;Лента тормозная, вилка карболит применяется в шпиндельной бабке и фартуке станка и служит для взаимодействия узлов токарно-винторезных станков моделей 16К20, 1К62. Лента изготавливается из карболитового материала, обеспечивающего надежное торможение при высоких нагрузках. Компоненты обеспечивают точное управление остановом шпинделя, стабильную работу механизма торможения и безопасность при выполнении токарных операций.
Лимб (в сборе: нониус, кольцо, ось и т.д.) токарно-винторезного станка мод. 1К62;Лимб в сборе, включающий нониус, кольцо, ось и другие компоненты, применяется в фартуке станка и служит для перемещения фартука и суппортной части токарно-винторезного станка модели 1К62 в продольном направлении. Компоненты изготавливаются из высокопрочной стали и обеспечивают точное позиционирование инструмента, высокую точность отсчета перемещений и надежную работу механизма подачи при выполнении различных токарных операций обработки деталей.
Линейные опоры качения роликовые;Опоры качения (РС) предназначены для применения в направляющих металлорежущих станков, роботизированных комплексов, контрольно-измерительных приборов, воспринимают высокие нагрузки, действующие перпендикулярно плоскости перемещения, позволяют перемещать исполнительные органы с неограниченной величиной хода.
Люнет напольный, отдельно стоящий для станков мод. 1Н983,1А983,1М983,РТ983, СА983;Применяется совместно со специальными трубообрабатывающими станками мод. 1Н983, 1А983, 1М983, РТ983, СА983, устанавливается отдельно от станка, служит для поддержки заготовок и труб больших длин при обработке на станках, литой чугунный.
Магнит револьверной головки 1П756ДФ3.40.000;Применяется в резцедержателе 4-х позиционной револьверной головки станков специальных с ЧПУ мод. 1П756ДФ3, используется в качестве запасной части.
Манжета револьверной головки 1П756ДФ3.39.000;Манжета предназначена для уплотнения и защиты внутренних механизмов револьверной головки 1П756ДФ3 от попадания стружки и охлаждающей жидкости. Обеспечивает герметичность узла при циклическом вращении головки.
Маслоуказатели (глазки) для токарных;Маслоуказатели предназначены для визуального контроля уровня смазочного масла в картере и коробке передач токарных станков. Обеспечивают оперативный мониторинг смазки и предотвращают работу механизма при недостаточном уровне масла.
Маточная гайка для станков 1М63;Маточная гайка предназначена для преобразования вращательного движения в поступательное при работе ходового винта станка. Обеспечивает точное перемещение суппорта и каретки при нарезании резьбы и выполнении продольных подач на токарных станках.
Маточная гайка для станков 1Н983.60.110 для станков 1Н983;Маточная гайка предназначена для преобразования вращательного движения в поступательное при работе ходового винта станка. Обеспечивает точное перемещение суппорта и каретки при нарезании резьбы и выполнении продольных подач.
Маточная гайка для станков мод. 1М63;Маточная гайка предназначена для передачи движения от ходового винта к фартуку токарно-винторезного станка 1М63. Обеспечивает точное и плавное движение при продольной и поперечной подаче инструмента во время обработки деталей.
Маточная гайка для токарно-винторезных станков;Применяется в фартуках токарно-винторезных станков в качестве запасной части, через которую проходит ходовой винт. Может поставляться как отдельно в виде разрезной бронзовой гайки, состоящей из двух полугаек, так и в комплекте с чугунным корпусом.
Маточная гайка для токарно-винторезных станков мод. 1М65;Маточная гайка предназначена для преобразования вращательного движения в поступательное при работе ходового винта станка. Обеспечивает точное перемещение суппорта при нарезании резьбы и выполнении подач инструмента.
Микропереключатели для Револьверных Головок 1П756ДФ3, 16М30Ф3, 16К30Ф3;Применяется в резцедержателях (в 4-х позиционных и 8-ми позиционных револьверных головках 1П756ДФ3.39.000, 1П756ДФ3.40.000, 16М30Ф3.40.000, 16К30Ф3.40.000), станков специальных с ЧПУ мод. 1П756ДФ3, 16М30Ф3, 16К30Ф3 используется в качестве запасной части. Применяется для переключения режимов револьверных головок.
Муфта обгонная 1М63.06.900 для станков производства Тбилиси z-66;о зубьев z-66. Используется на токарных станках для регулирования числа оборотов ходового вала станка.
Муфта обгонная 1Н65.60.900 (Для станков 165 ДИП500 1М65 1Н65);Муфта обгонная предназначена для передачи вращения в одном направлении и защиты передачи от перегрузок при работе станка. Обеспечивает безопасное отключение при превышении допустимого крутящего момента.
Муфта обгонная 1Н65.60.900СБ;состоит из следующих основных элементов: ведущий (наружный) корпус, ведомый (внутренний) барабан, ролики или шарики с пружинами, обеспечивающие сцепление и расцепление валов, сепаратор роликов/шариков, уплотнения и подшипники для защиты от загрязнений и обеспечения надежной работы. Муфта предназначена для передачи крутящего момента между валами при одном направлении вращения и свободном вращении при другом, обеспечивая стабильную работу станочного оборудования и защиту узлов от перегрузок.
Муфта токарно-винторезного станка мод. 16К20;Муфта применяется в шпиндельной бабке станка токарно-винторезного модели 16К20 в качестве запасной части. Муфта служит для соединения валов и передачи крутящего момента в системе привода шпинделя. Изделие изготавливается из высокопрочной стали и обеспечивает надежную передачу мощности, точное взаимодействие механизмов и стабильную работу системы при выполнении различных токарных операций обработки деталей.
Муфта электромагнитная Э11М 106-2А для станков 1Н983 1А983 1М983;Муфта электромагнитная предназначена для управления включением и отключением шпинделя специальных трубообрабатывающих станков. Обеспечивает электромагнитное управление вращением при различных режимах обработки труб и специальных деталей.
Муфты обгонные для станков 1М63Н;Муфты обгонные предназначены для передачи вращения в одном направлении и защиты механизма от перегрузок. Обеспечивают автоматическое отключение при обратном вращении или превышении допустимого крутящего момента.
Накатные ролики для промышленного оборудования;Накатные ролики предназначены для упрочнения и сглаживания поверхностей деталей методом поверхностного пластического деформирования. Применяются на специальных токарно-накатных станках для обработки железнодорожных осей и деталей высокой ответственности.
Насос плунжерный 1К62.02.076 (в сборе) для токарно-винторезного станка мод. 1К62;Насос плунжерный 1К62.02.076 в сборе предназначен для использования в шпиндельной бабке токарно-винторезного станка модели 1К62. Служит для подачи масла к узлам и механизмам и осуществления работы и взаимодействия механизмов фартука станка. Поставляется в полной сборке и готов к установке на станок. Насос обеспечивает стабильную подачу смазочного материала, надежное функционирование всей гидравлической системы и оптимальный режим обработки при выполнении токарных операций.
Ножи к ножницам по металлу гильотин;Ножи предназначены для резки листового и профильного металла на гильотинных ножницах. Обеспечивают чистый и ровный срез листового материала при работе промышленного оборудования в различных цехах.
Нониусы (лимбы) продольной подачи для станков 1М65, 1Н65, ДИП500, РТ117, РТ817, 165;Нониусы (лимбы) продольной подачи применяются на токарно-винторезных станках моделей 1М65, 1Н65, ДИП500, РТ117, РТ817, 165 и предназначены для точного позиционирования и измерения перемещения суппорта вдоль оси станка. Изделия обеспечивают высокую точность отсчета перемещений инструмента и стабильную работу механизма подачи. Нониусы изготавливаются из высокопрочной стали и обеспечивают надежную работу при длительной эксплуатации станочного оборудования при выполнении токарных операций.
Нониусы лимбы для станков мод. 16Р25П и т.д.;Нониусы (лимбы) предназначены для точного позиционирования и отсчета перемещений фартука и поперечного суппорта токарно-револьверного станка 16Р25П. Обеспечивают высокую точность установки размеров при обработке деталей.
Нониусы лимбы для станков мод. 1М63;Нониусы (лимбы) предназначены для точного позиционирования фартука и суппорта на токарно-винторезном станке 1М63. Обеспечивают высокую точность установки размеров при обработке деталей различных диаметров.
Нониусы лимбы поперечной подачи для станков 1М65;Нониусы (лимбы) поперечной подачи предназначены для перемещения каретки и суппортной части станка в процессе работы оборудования при изготовлении деталей на станке. Применяется в каретке станка и служит для точного позиционирования инструмента.
Пара винт гайка вертикального суппорта для токарно-карусельного станка мод. 1516Ф1;Пара винт гайка вертикального суппорта карусельных станков применяется в суппортах станков модели 1510, 1512, 1512Ф1, 1516, 1516Ф1, 1525, 1532, 1541 и т.д. для вертикального перемещения верхнего суппорта. Пара включает винт и две гайки и предназначена для надежной передачи движения при позиционировании резца относительно обрабатываемой детали. Изделие обеспечивает точное перемещение, стабильность работы и надежность функционирования механизма подачи при обработке крупногабаритных деталей.
Патрон 3-х кулачковый ф.250мм. с комплектом обратных кулачков 3шт. 3-250.35.11.004;Трехкулачковый патрон диаметром 250 мм с полным комплектом обратных кулачков предназначен для крепления и удержания деталей на станках токарного типа. Обеспечивает надежный центральный зажим при обработке деталей различных конфигураций.
Переходная втулка с Морзе6 на Морзе5 (1М63, 1М63Н и т.д.) в заднюю бабку токарных станков;Применяется в токарно-винторезных станках, устанавливается в заднюю бабку для перехода с конус Морзе 6 на Конус Морзе 5, используется совместно с центрами.
Пиноли накатного устройства станка РТ30101 РТ301;Пиноли предназначены для удержания и направления инструмента в накатном устройстве специального токарного станка модели РТ30101 (РТ301). Обеспечивают точное позиционирование при выполнении операции накатки на деталях.
Планетарный редуктор в сборе для револьверных головок УГ9326;Запасные части для Револьверных головок: редуктор в сборе состоит из: Водило, Колесо зубчатое, Колесо зубчатое, Блок зубчатых колес. Применяется в револьверной головке УГ9326 в качестве сменной запасной части, меняется в основном целиком для дальнейшей корректной работы револьверной головки.
Пневмораспределители для промышленного оборудования;Пневмораспределители предназначены для управления потоком сжатого воздуха в пневматических системах промышленного оборудования и станков. Обеспечивают направление и включение-отключение пневматических приводов при обработке деталей.
ПНР (пуско-наладочные работы) специального бандажировочного станка мод. РТ5004 для филиал РЖД г. Владимир;Пуско-наладочные работы (ПНР) специального бандажировочного станка модели РТ5004 предназначены для подготовки оборудования к работе на филиале РЖД г. Владимир. Бандажировочный специальный станок РТ5004 используется для бандажировки якорей стеклолентой и продорожки коллекторов электрических машин. ПНР включают сборку, регулировку, тестирование и калибровку всех систем станка, обеспечивая надежность и точность работы оборудования при выполнении операций бандажирования.
Поддержка винта вала токарно-винторезных станков 1М63;Поддержка винта вала предназначена для опоры и направления ходового винта станка. Обеспечивает правильное положение винта при передаче движения от коробки передач к суппорту, предотвращая его прогиб и обеспечивая точность подач.
Поддоны (лотки) приема масла токарно-винторезных станков мод. 16К20,16К25;Применяется в шпиндельной бабки (коробке скоростей) токарно-винторезных станков мод. 16К20, 16К25, изготавливаются из листового металла, служат для приема масла от осевых валов шпиндельной баки станков.
Подшипник револьверной головки 1П756ДФ3.40.000;Подшипник предназначен для опоры и направления вращающихся элементов револьверной головки станка с числовым программным управлением. Обеспечивает плавное и точное вращение головки при позиционировании инструмента и выполнении операций обработки деталей.
Подшипники для различного промышленного оборудования и станков;Различные подшипники радиальные, шариковые, цилиндрические, ступичные, шарнирные, качения, скольжения, осевые, упорные, радиально-упорные, линейные, сферические область применения: машиностроение, станкостроение, тяжелое машиностроение, и т.д.
Помпы подачи СОЖ для станков и промышленного оборудования;Помпы предназначены для подачи смазочно-охлаждающей жидкости к месту обработки на токарных станках и других промышленных машинах. Обеспечивают эффективное охлаждение инструмента и обрабатываемой детали.
Производство токарно-винторезных станков модели 1М63, 16К40, 1М63Н, 16Р40;На современном этапе развития отечественной промышленности актуальным является вопрос обеспечения предприятий машиносборочного комплекса высокопроизводительным станочным оборудованием. Производство включает изготовление и сборку основных узлов, испытание готовых изделий и поставку комплектующих для обеспечения бесперебойной работы оборудования и надежности функционирования на всех этапах эксплуатации.
Промышленная электроника переключатели ПК и концевики для промышленного оборудования и станков;Переключатели и концевики предназначены для управления электрическими цепями промышленного оборудования и станков. Обеспечивают коммутацию сигналов при достижении определенных положений узлами машины, повышая безопасность и автоматизацию производственных процессов.
Пружины возврата шпинделя 2М112;Пружины предназначены для обеспечения автоматического возврата шпинделя в исходное положение после выполнения операции бурения на сверлильном станке. Обеспечивают упругий возврат и безопасность работы.
Пружины накатного устройства станков РТ30101,РТ301;Применяются в цилиндрах накатного устройства специальных токарно-накатных станков мод. РТ30101, РТ301, устанавливаются парно, на два цилиндра. Производство пружин различной конфигурации (сжатия, растяжения, кручения, тарельчатые и т.д.) для любого типа оборудования, деталей, механизмов. Есть возможность изготовления стопорных колец. Пруток от 0,3 мм до 72 мм., Стали: Б2 ГОСТ 9389-75, 60С2А, 51ХФА ГОСТ14959-79, 12Х18Н10Т ГОСТ 18143-72. Различные покрытия и обработка. Изготавливаем продукцию по ра
Пружины резцедержателей токарно-винторезных станков моделей 1М63, 1М63Н, ДИП300;Основные функции пружины резцедержателя: обеспечение устойчивости и жесткости фиксации резца, компенсация механических нагрузок, возникающих в процессе обработки детали, повышение точности позиционирования инструмента относительно обрабатываемой поверхности. Пружины изготавливаются из высокопрочной стали и обеспечивают надежную работу резцедержателя при длительной эксплуатации и высоких нагрузках на режущий инструмент.
Пружины фрикциона станков 6Т13,6Т12, 6Р12,6Р13,6Р82Ш и т.д.;Применяются в фрикционных валах фрезерных станков и служат для крепления фрикционных дисков. Производство пружин различной конфигурации включает пружины сжатия, растяжения, кручения и тарельчатые пружины для любого типа оборудования, деталей и механизмов. Пруток от 0,3 мм до 72 мм из сталей Б2 ГОСТ 9389-75, 60С2А, 51ХФА ГОСТ 14959-79, 12Х18Н10Т ГОСТ 18143-72 с различными покрытиями и обработкой. Изготавливаем продукцию по размерам и чертежам заказчика.
Револьверная головка 16К30Ф3.40.000 (Для станков 16К30Ф3);Револьверная головка предназначена для автоматического позиционирования и закрепления режущего инструмента на токарном станке с числовым программным управлением. Обеспечивает быструю смену инструмента и выполнение различных операций обработки в автоматическом режиме работы.
Револьверная головка 16М30Ф3.40.000 (Для станков 16М30Ф3);Револьверная головка предназначена для установки и быстрой смены режущего инструмента на специальном токарном станке с числовым программным управлением. Обеспечивает автоматическое позиционирование инструмента и выполнение различных операций механической обработки деталей.
Револьверная головка 1П756ДФ3.39.000 (Для станков 1П756ДФ3);Револьверная головка предназначена для автоматического позиционирования и закрепления режущего инструмента на токарном станке с числовым программным управлением. Обеспечивает выполнение различных операций обработки в автоматическом режиме с быстрой сменой инструмента.
Револьверные головки для станков с ЧПУ;Револьверные головки предназначены для установки и автоматической смены режущего инструмента на токарных станках с числовым программным управлением. Обеспечивают быстрое позиционирование и выполнение различных операций обработки в автоматическом режиме.
Резцедержатель (в сборе) для токарно-винторезных станков мод. 1М63;Резцедержатель в сборе предназначен для надежного закрепления резца или другого режущего инструмента на суппорте станка. Обеспечивает точное позиционирование инструмента относительно обрабатываемой детали и стабильность при выполнении операций обработки.
Резцедержатель корпус для токарно-винторезных станков мод. 1М65;Резцедержатель корпус предназначен для крепления и позиционирования режущего инструмента на токарно-винторезном станке 1М65. Обеспечивает жесткое удержание резца при различных типах обработки, обеспечивая точность и чистоту получаемой поверхности.
Резцовые салазки для станков 1М63,1М63Н,163,ДИП300,1М63БФ101, 16К40 1Н983,1А983,1М983,РТ983;"Применяется в верхнем суппорте токарно-винторезных станков используются непосредственно с резцедержателем и закрепляются клином, имеют два исполнения для крепления резцедержателя по ""шарик"" и ""хирту"" (мышиный зуб). Поставляются как в сборе так и отдельно."
Резцовый блок 16К30Ф302.42.000 (Для Револьверных головок 16К30Ф3.40.000);Резцовый блок предназначен для установки и закрепления режущих инструментов в револьверной головке станка с числовым программным управлением. Обеспечивает быструю смену инструмента и точное его позиционирование при автоматическом выполнении операций обработки деталей.
Рейка 16К20.011.432 L-348мм. токарно-винторезного станка мод. 16К20;Рейка направляющая предназначена для передачи движения от ходового винта к суппорту станка при выполнении продольной подачи. Обеспечивает плавное и точное перемещение инструмента при выполнении операций точения и нарезания резьбы.
Рейка 1К62.11.32 L-291мм. и 1К62.11.33 L-705мм. токарно-винторезного станка мод. 1К62;Рейки направляющие предназначены для передачи движения от ходового винта к суппорту станка при выполнении продольной и поперечной подач. Обеспечивают плавное и точное перемещение инструмента при обработке деталей.
Рейка для станков 1М65;Рейка предназначена для направления и позиционирования подвижных элементов токарно-винторезного станка 1М65. Обеспечивает точное и плавное движение фартука и суппорта при обработке деталей различных диаметров и длин.
Ремкомплект корпус гайки;Ремкомплект предназначен для ремонта и восстановления маточной гайки ходового винта при износе. Включает все необходимые компоненты для замены изношенных деталей и восстановления функциональности узла.
Ремонт и модернизация ШВП (Шарико-винтовая пара, передача) с доведением до точностных параметров нового изделия;Услуга ремонта и модернизации шарико-винтовых пар (ШВП) российского и импортного производства включает перешлифовку спецрезьбы и шеек винта ШВП при сохранении закаленного слоя, изготовление новых шариков, замену подшипников и другие операции. Технология позволяет довести восстановленные ШВП до точностных параметров нового изделия, обеспечивая надежную работу станков и оборудования при длительной эксплуатации.
Ролики в сборе с вилками для люнетов 1М63,1М63Н,1М65, дип300,дип500;Ролики в сборе с вилками для обеспечения надежной работы подвижного узла неподвижных люнетов токарных станков моделей 1М63, 1М65 и ДИП (ДИП300, ДИП500). Изделия изготовлены из высокопрочных материалов и обеспечивают точное позиционирование и стабильную работу люнетных узлов при обработке длинномерных деталей.
Ролики накатные специсполнение для РЖД;Используются на токарно-накатном оборудовании и станках (диаметры роликов ф.110-ф.200мм), для накатки и упрочнения металла, различаются ролик для упрочнения металла и ролик сглаживающий, различные профиля и посадочные размеры, термообработанные и шлифованные. Совместимы со станками 1М63, 1М63Н, 163, ДИП300, 16К40 и другими.
Ролики упрочняющий и сглаживающий для токарно накатных станков РТ30101 и РТ301;Ролики предназначены для выполнения операций накатки и отделки поверхностей деталей на специальных токарно-накатных станках. Обеспечивают упрочнение и сглаживание поверхности при высокой скорости вращения детали.
Роликодержатели ( приспособления) для промышленного оборудования;Применяется в качестве запасной части, приспособления в промышленного оборудовании, служит для крепления ролика.
Ручка в сборе для винта кареточного станков 1Н983, 1М983, 1А983, РТ983, СА983;Ручка в сборе для винта кареточного применяется в каретках станков моделей 1Н983, 1М983, 1А983, РТ983, СА983 совместно с винтом поперечной подачи. Служит для перемещения верхнего суппорта с ползушкой станка в поперечном направлении. Ручка изготавливается из высокопрочного материала и обеспечивает удобное управление, точное позиционирование инструмента и надежную работу механизма подачи при выполнении операций обработки деталей на трубообрабатывающих станках.
Ручка капля М10;Ручка-капля метрическая резьба М10 предназначена для управления органами регулировки и позиционирования на различных станках. Обеспечивает удобное управление с минимальными физическими усилиями оператора.
Ручка переключения фрикциона основной в сборе с кронштейнами станков 1М63,1М63Н,ДИП300,16К40;Предназначена для переключения фрикциона основной в сборе с кронштейнами станков. Изготовлена из прочного материала, устойчивого к механическим повреждениям. Оснащена надежным креплением, обеспечивающим стабильность положения при эксплуатации. В комплект поставки входят все необходимые крепежные элементы и кронштейны для монтажа на станок указанных модификаций.
Рычаг коробки подач станков 1Н983;Рычаг предназначен для управления и включения различных режимов подачи инструмента на специальном трубообрабатывающем станке. Обеспечивает механическое переключение между ступенями коробки передач.
Сборка верхнего суппорта станков 1М63,1М63Н,16К40,Дип300;Сборочные работы выполняются квалифицированными специалистами цеха механосборочных работ под руководством опытных мастеров-наладчиков. На всех этапах соблюдаются нормы точности и надежности соединений узлов и механизмов, предусмотренные конструкторской документацией производителя. Собранная продукция готова к непосредственной установке на станок без дополнительной регулировки и обеспечивает стабильную и надежную работу всего станочного оборудования.
Сборка фартука станка 1М65;Фартук представляет собой подвижную часть корпуса универсального станка модели 1М65, предназначенную для обеспечения перемещения рабочего стола относительно шпинделя вдоль оси Х (горизонтальное перемещение). Он состоит из каретки, направляющих, привода подачи и других механизмов. Сборка выполняется квалифицированными специалистами с соблюдением всех норм точности и надежности соединений узлов и механизмов, предусмотренные конструкторской документацией производителя.
Сверлильный блок для револьверных головок 16М30Ф3;Сверлильный блок предназначен для автоматического позиционирования и закрепления сверла в револьверной головке станка с числовым программным управлением. Обеспечивает выполнение операций сверления при обработке деталей в автоматическом режиме.
Система СОЖ в сборе для станка мод. FSS 400;Система охлаждающей жидкости в полной сборке предназначена для обеспечения подачи смазочно-охлаждающей жидкости на фрезерном станке модели FSS 400. Включает насос, трубопроводы, форсунки и фильтры для эффективного охлаждения и смазки инструмента во время работы.
Скребки на направляющие (защита направляющих);Скребки предназначены для защиты направляющих поверхностей станка от попадания стружки и загрязнений. Обеспечивают чистоту работы механизма и продлевают срок службы направляющих при длительной эксплуатации.
Специальные блоки для револьверных головок 16К30Ф3;Специальные блоки для револьверных головок станка модели 16К30Ф3 предназначены для крепления и позиционирования режущего инструмента. Блоки обеспечивают надежную фиксацию резцов в револьверной головке и обеспечивают точное позиционирование инструмента при выполнении различных токарных операций. Изделия изготавливаются из высокопрочной стали и обеспечивают стабильную работу резцедержателя при длительной эксплуатации и высоких нагрузках на режущий инструмент при обработке деталей.
Специальные блоки для револьверных головок 16М30Ф3;Специальные блоки предназначены для установки режущего инструмента в револьверной головке горизонтально-расточного станка 16М30Ф3. Обеспечивают надежное крепление и точное позиционирование инструмента при обработке различных поверхностей.
Специальный 2-х суппортной токарно-накатной станок мод. РТ30102 ПНР в РЖД;Станок специальный двух-суппортной токарно-накатной модели РТ30102 произведен на базе станка токарно-винторезного с двумя суппортами мод. 1М63Б-3 с гидростанцией, двумя накатными устройствами, технологической оснасткой и гидравлической задней бабкой. Станок предназначен для (одновременной обработки с двух сторон) проточки и последующей накатки подступичных частей оси вагонной колесной пары РУ1, РУ1Ш и осей для вагонеток. Обработка двух подступичных частей вагонной оси производится в центрах за о
Специальный бандажировочный станок мод. РТ5004,РТ5003;Станки используются для накладки бандажей на сердечники якоря после укладки обмоток. Эта операция обеспечивает защиту проводников от механических повреждений и предотвращает возможность выпадения витков из пазов во время эксплуатации подвижного состава. Станок обеспечивает высокую точность намотки бандажа и стабильное качество изделий при бандажировке якорей стеклолентой и продорожке коллекторов электрических машин.
Станки токарно-винторезные мод. ГС526У;Станки токарно-винторезные предназначены для выполнения различных операций механической обработки деталей из металла, включая точение, нарезание резьбы, выполнение проточек и фасок. Используются в машиностроении и других отраслях промышленности.
Станок токарно-винторезный 1М63Н (1М63) РМЦ 2800мм.;Токарно-винторезный станок 1М63Н (1М63) РМЦ 2800мм. предназначен для токарной обработки деталей с высокой точностью и надежностью.
Станок токарно-винторезный 1М63НФ1 с УЦИ;Токарно-винторезный станок 1М63НФ1 с УЦИ предназначен для прецизионной обработки деталей с максимальной точностью. Благодаря жесткости, виброустойчивости и температурной стабильности станок позволяет получать необходимую точность обработки. 2х призменные направляющие станины в сочетании с высокой надежностью других узлов обеспечивает на длительный срок эксплуатировать станок с сохранением первоначальной точности. Частота обратного вращения шпинделя в 1,3 раза выше, чем прямого, что сокращает вре
Сухари для токарного патрона ф. 1000;Сухари для токарного патрона диаметром 1000 мм — это подвижные элементы механизма зажима, предназначенные для центрирования, удержания и надежной фиксации заготовок при обработке на токарных станках. Представляют собой сменные детали, которые под действием конической втулки перемещаются радиально внутрь, создавая равномерное давление на поверхность обрабатываемой детали. Сухари обеспечивают точность позиционирования и безопасность работ при высоких скоростях вращения. Область применения Сухари п
Тарельчатые пружины для револьверных головок УГ9321;Тарельчатые пружины предназначены для обеспечения пружинного усилия в механизме фиксации инструмента револьверной головки УГ9321. Обеспечивают надежный прижим и фиксацию инструмента при обработке деталей.
Токарно-винторезные станки 1М63Н,1М63,ДИП300 по наличию;Токарно-винторезные станки моделей 1М63Н, 1М63 и ДИП300 предназначены для полного циклического производства с сертификацией на заводе. На предприятии налажено производство, включающее последовательное выполнение всех технологических процессов от изготовления основных узлов до испытания готовых изделий. Процесс обеспечивает высокую надежность, точность обработки и универсальность применения станков при выполнении разнообразных токарных операций.
Токарно-винторезные станки модели 16К40 производства завода;"Основные элементы и системы станка включают: станину, изготовленную из прочного чугуна с повышенным уровнем жёсткости, способную выдерживать значительные нагрузки без деформации; привод механизма подачи, выполненный на основе двигателя постоянного тока или частотного преобразователя. Конструкция оборудования обеспечивает высокую точность механической обработки, универсальность применения при выполнении токарных операций и надежность функционирования на всех этапах производства."
Токарно-винторезный станок мод. 1М63Н рмц 3000мм. с устройством цифровой индикации (УЦИ);Токарно-винторезный станок 1М63Н предназначен для выполнения разнообразных видов токарных работ, включая точение конусов и нарезание резьб: метрических, дюймовых, модульных, питчевых. Высокая мощность привода позволяет эффективно обрабатывать заготовки из различных материалов. Станок оснащен устройством цифровой индикации (УЦИ), которое обеспечивает точное позиционирование инструмента и повышает производительность при выполнении сложных операций обработки деталей с высокими требованиями к точнос
Тяжелый токарно-винторезный станок мод. РТ117;Основные характеристики данного типа оборудования включают высокую жесткость конструкции, обеспечивающую точность и стабильность обработки даже при значительных нагрузках. Станки оснащены мощным приводом главного движения, что позволяет эффективно обрабатывать заготовки из различных материалов с высокой производительностью. Тяжелый токарно-винторезный станок модели РТ117 предназначен для обработки крупногабаритных деталей и обеспечивает надежность при длительной эксплуатации.
Тяжёлый токарный станок РТ817 для обработки осей колёсных пар вагонов;Станок характеризуется высокой точностью механической обработки, возможностью обработки деталей значительных габаритов и веса до нескольких тонн. Применяется для наружного точения цилиндрических поверхностей, обработки торцов и пазов. Станок обеспечивает высокую производительность и точность обработки осей колёсных пар вагонов ОАО РЖД, позволяя выполнять сложные операции с требуемой точностью и качеством поверхности.
Фильтр заливной для станков 16К20;Применяется в шпиндельной бабки токарно-винторезных станках мод. 16К20 для фильтрации масла, поставляются в сборе.
Фланец вала первой оси шпиндельная бабка;Фланец предназначен для крепления первого вала шпиндельной бабки станка. Обеспечивает жесткое соединение между компонентами привода и правильное центрирование при вращении на высоких скоростях.
Фланец шкива шпиндельная бабка;Фланец шкива предназначен для крепления и передачи крутящего момента от шкива к шпинделю станка. Обеспечивает жесткое соединение между компонентами привода и правильное центрирование при вращении на высоких скоростях.
Фрикционные диски для электромагнитных муфт ЭТМ 102 1А;Фрикционные диски предназначены для передачи крутящего момента в электромагнитных муфтах. Обеспечивают плавное включение и отключение вращения шпинделя и других механизмов станков при управлении от электромагнитного контроллера.
Ходовые винты с маточной гайкой специальных трубных станков мод. 1Н983;Ходовые винты в комплекте с маточной гайкой предназначены для передачи и преобразования движения в механизме подач специальных трубных станков модели 1Н983. Обеспечивают точное позиционирование инструмента при обработке труб различных диаметров.
Ходовые винты/валы для токарных станков 1М63,1М63Н,16К40,1Н65,1М65,ДИП300, ДИП500;Применяется в токарно-винторезных станках для перемещения фартука и суппортов в продольном направлении. Винты имеют трап резьбу. Поставляются как отдельно так и в комплекте с маточной гайкой имею различную длину и диаметр в зависимости от РМЦ и модели токарно-винторезного станка.
Центр поводкового патрона специального токарно-накатного станка РТ30101 (РТ301);Используются со шпонкой в поводковом патроне специальных токарно-накатных станках мод. РТ30101 (РТ301). Применяются для крепления непосредственно оси для последующей обработки-проточки и накатки.
Центр упорный конус Морзе 5 для токарных станков и промышленного оборудования;"Применяется в токарно-винторезных станках и промышленном оборудовании, центры предназначены для установки деталей типа ""Вал"", имеющих центровые отверстия (типа А), при их обработке на станках токарной группы. Радиальное биение конуса центрового валика не более 0,016мм. Радиальное биение конуса Морзе относительно неподвижного центрового валика не более 0,040мм. Предельная частота вращения центров А-1-4-У - 3400 мин-1, А-1-5-У - 2800 мин-1, А-1-6-У - 2200 мин-1. Максимальная масса обрабатываемой з"
Центр ф. 100мм. для токарно-винторезных станков 165, 1М65, 1Н65, ДИП500;Применяется в токарно-винторезных станках 165, 1М65, 1Н65, ДИП500, устанавливается в шпиндельную бабку (коробку скоростей) непосредственно в шпиндель станка. Применяется для токарной обработки заготовок без использования патрона. Исполнен в виде конуса, что позволяет закреплять его в шпинделе станка.
Чугунные корпуса маточной гайки для станков 1М63;Чугунные корпуса маточной гайки для замены изношенных узлов на токарно-винторезных станках модели 1М63. Обеспечивают надежное крепление и фиксацию ШВП в коробке подач и суппортов станка.
Шарико-винтовые пары (передачи) для станков с ЧПУ;Шарико-винтовые пары предназначены для точного преобразования вращательного движения в линейное в системах позиционирования станков с числовым программным управлением. Обеспечивают высокую точность и скорость перемещения рабочих органов.
Шатун в сборе с вкладышами бронза к прессам К2130С,К2130, К2130Б, К2132, КЕ2132, КГ2132, КВ2132, КД2330;Запасные части к прессам К2130С, К2130, К2130Б производства Барнаульского завода и завода им.Фрунзе (Ташкент) пресса 100тн (усилие). Собственная не серийная конструкция на всех прессах типа УВ или У35. Части к прессам 160тн Ивано-Франковск и ЮУМЗ К2132, КЕ2132, КГ2132, КВ2132 и т.д. Вал приводной 10-ти шлицевой 3-х модификаций. К прессам КД2330 и модификациям Воронежского завода - Сектор маховика КД2330, винты регулировочные.
ШВП (Шарико-винтовая пара, передача) РТ755Ф359.50.000 и РТ755Ф3.63.000 для станков РТ755Ф3 поперечная, продольная;Шарико-винтовые пары (ШВП) модели РТ755Ф359.50.000 и РТ755Ф3.63.000 предназначены для станков РТ755Ф3 и служат для поперечного и продольного перемещения суппорта. Пары российского производства преобразуют вращательное движение вала в прямолинейное поступательное движение узла. Изделия обеспечивают высокую точность позиционирования, надежную работу механизма подачи и стабильность при выполнении операций обработки деталей на станке.
ШВП (Шарико-винтовая пара, передача) станков 2А450, 2Е450;Шарико-винтовая пара (ШВП) применяется в специальных координатных станках с ЧПУ моделей 2А450, 2Е450 для преобразования вращательного движения в прямолинейное и поступательно движущихся узлов. Устанавливается на поперечное перемещение суппорта станка. Кинематическая точность обеспечивает высокую точность позиционирования инструмента. ШВП обеспечивает надежную работу механизма подачи, стабильное перемещение и точность при выполнении операций обработки деталей на специальном оборудовании с ЧПУ.
ШВП (ШАРИКО-ВИНТОВЫЕ ПАРЫ);ШВП (шарико-винтовая передача) предназначена для преобразования вращательного движения в прямолинейное. Применяются в деревообрабатывающих и металлообрабатывающих станках, промышленных роботах, радиотелескопах, в транспортных средствах, нестандартном оборудовании и т.д. Детали ШВП изготавливаются из высококачественной легированной стали. ШВП бывают корпусными и бескорпусными. Кинематическая точность: внутришаговая 4-6мкм, накопленная на длине 1000мм до 20мкм. ШВП прошедшие закалку и шлифовку спо
ШВП (ШАРИКО-ВИНТОВЫЕ ПАРЫ);ШВП предназначена для преобразования вращательного движения в прямолинейное, применяются в деревообрабатывающих и металлообрабатывающих станках, промышленных роботах, транспортных средствах. Кинематическая точность: внутришаговая 4-6мкм, накопленная на длине 1000мм до 20мкм. КПД 90%, экономия веса, высокая точность и жесткость. В наличии 50 типоразмеров ШВП.
ШВП шарико-винтовая пара передача 30.06.600 для станка с ЧПУ 1В340Ф3;Шарико-винтовая пара предназначена для точного преобразования вращательного движения в поступательное в системе подач станка с числовым программным управлением 1В340Ф3. Обеспечивает высокоточное позиционирование инструмента и детали при фрезеровании и сверлении.
Шестерни вала зажима разжима кулачков специальных трубообрабатывающих станков РТ783 РТ783Ф3;Применяется в качестве запасной части в шпиндельной бабке специальных трубообрабатывающих станков мод. РТ783, РТ783Ф3 служат для синхронизации работы кулачков правого и левого токарных патронов ф. 630мм. трубных станков поставляется как отдельно так и в комплекте с валом.
Шестерни горизонтально-расточного станка 2Н636ГФ1;Шестерни предназначены для передачи крутящего момента в кинематических цепях привода главного шпинделя и механизмов подач горизонтально-расточного станка 2Н636ГФ1. Обеспечивают точность позиционирования и стабильность при обработке высокоточных отверстий.
Шестерни конические с круговым зубом для карусельных станков 1512;Шестерни конические с круговым зубом предназначены для передачи крутящего момента между пересекающимися валами карусельного станка 1512. Обеспечивают плавное зацепление и высокую плотность контакта при обработке крупногабаритных деталей.
Шестерни коробки скоростей и насоса станков 1Н65 1М65 165 ДИП500 РТ117 РТ817;Шестерни коробки скоростей (шпиндельной бабки) 8-ми шлицевая, используется вместе с 8-ми шлицевым валом. Шестерни шлицевые насоса шпиндельной бабки (коробки скоростей) используются в паре на насосе. Изделия предназначены для обеспечения передачи крутящего момента и распределения мощности в системе привода станков. Шестерни изготавливаются из высокопрочной стали и обеспечивают стабильную работу коробки скоростей и насоса при длительной эксплуатации и высоких нагрузках при обработке различных мате
Шестерни насоса токарно-винторезных станков 1М63,1М63Н,ДИП300;Комплект шестерен предназначен для обеспечения стабильной работы гидравлической системы токарно-винторезного станка модели 1М63 (ДИП300). Данный элемент является важным компонентом насосного агрегата, отвечающего за подачу смазочно-охлаждающей жидкости (СОЖ) и обеспечение оптимального режима обработки деталей.
Шестерни станков 1Н983;Шестерни являются основными элементами трансмиссии специальных трубообрабатывающих станков. Предназначены для передачи и преобразования крутящего момента от электродвигателя, обеспечивая различные режимы работы станка при обработке труб различных диаметров.
Шестерни фартука для станков 1М63;Шестерни фартука предназначены для передачи крутящего момента к фартуку токарно-винторезного станка 1М63. Обеспечивают плавное и точное перемещение фартука при продольной и поперечной подаче инструмента при обработке деталей.
Шестерни фартука станков мод. СА630 z-41;Шестерни фартука предназначены для передачи крутящего момента к фартуку токарного станка модели СА630 с числом зубьев 41. Обеспечивают плавное и точное перемещение фартука при продольной и поперечной подаче инструмента.
Шестерня;Шестерни предназначены для передачи вращения и изменения угловой скорости в механических системах станков и промышленного оборудования. Применяются в коробках передач, редукторах и других узлах.
Шестерня 16К20.061.441 и вал шестерня 16Б20П.061.070-01 токарно-винторезного станка мод. 16К20;Комплект шестерни и вала-шестерни предназначен для замены изношенных деталей в кинематической цепи передачи крутящего момента на токарно-винторезном станке 16К20. Обеспечивает точную и надежную передачу мощности при различных режимах работы.
Шестерня 1М63Б.70.210 в коробку подач;Краткое определение и назначение
Шестерня вал для станков 1Н983;Шестерня-вал предназначена для передачи крутящего момента в коробке передач специального трубообрабатывающего станка. Обеспечивает связь между различными ступенями передач и позволяет менять режимы работы станка.
Шестерня и вал с эвольвентными шлицами для пресса КБ2330;Шестерня и вал с эвольвентными шлицами применяются в прессах КБ2330, изготавливаются совместно и используются с основным валом пресса. Произведены для исполнения госкотракта с параметрами: шестерня z-28, m-5, z1-70, m-5 и вал с эвольвентными шлицами. Компоненты изготавливаются из высокопрочной стали и обеспечивают надежную передачу крутящего момента, точность позиционирования и стабильную работу гидравлической системы пресса при выполнении операций прессования.
Шестерня и Вал-рейка гидравлического механизма перемещения резцедержателя для станков 1Н983, 1М983, 1А983, РТ983, СА983;Применяется в качестве запасных частей для специальных трубообрабатывающих станков, устанавливается в каретке станков для перемещения резцедержателя, поставляется как отдельно, так и комплектом в сборе.
Шестерня тормоза для токарно-винторезных станков мод. 1К62;Шестерня тормоза применяется в шпиндельной бабке (коробке скоростей) токарно-винторезного станка модели 1К62. Служит для осуществления работы и взаимодействия механизмов шпиндельной бабки станка. Поставляется как отдельно так и в сборе с другими компонентами. Шестерня изготавливается из высокопрочной стали и обеспечивает надежное торможение шпинделя и стабильную работу всей системы управления скоростями при выполнении токарных операций.
Шестерня фартука с бронзовым червячным венцом для станков 1М63;Шестерня фартука с бронзовым венцом предназначена для передачи движения фартуку токарно-винторезного станка 1М63. Обеспечивает плавное и точное перемещение фартука при продольной и поперечной обработке деталей, является ключевым элементом механизма подач.
Шлифование шпинделей станков;Услуга шлифования шпинделей станков предназначена для восстановления геометрических параметров и точности вращения главного органа станка. Выполняется для возврата шпинделя к исходным техническим характеристикам после износа, биения или повреждений поверхности.
Шпиндель 16К40 (в заднюю бабку станков мод. 16К40);Шпиндель задней бабки предназначен для подпора и центрирования длинных деталей при обработке на токарном станке. Обеспечивает точную фиксацию детали и исключает ее биение при высоких скоростях вращения.
Шпиндель 1Н65;Шпиндель предназначен для вращения заготовки при обработке на токарном станке. Обеспечивает передачу крутящего момента от электродвигателя через коробку скоростей к обрабатываемой детали.
Шпиндель в сборе с пинолью и втулками бронза станков 2Н125;Шпиндель в полной сборке с пинолью и бронзовыми втулками предназначен для замены основного вращающегося органа горизонтально-расточного станка модели 2Н125. Обеспечивает высокоточное вращение при обработке отверстий и расточке внутренних поверхностей.
Шпиндель для сверлильных станков 2К52;Шпиндель предназначен для вращения сверла и других режущих инструментов при выполнении операций бурения на сверлильном станке. Передает крутящий момент от электродвигателя к инструменту.
Шпиндель шлифовальных станков;Шпиндель предназначен для вращения шлифовального круга в станках шлифовки различных типов. Обеспечивает высокоточное вращение на требуемой частоте для выполнения операций шлифования с заданной точностью и чистотой поверхности.
Шток гидроцилиндра;Применяется в качестве запасной части в промышленном оборудовании, изготавливается по чертежам и эскизам Заказчиков.
Штурвал задней бабки токарно-винторезных станков 16К20, 16Б20;"представляет собой управляющий элемент, обеспечивающий ручное перемещение пиноли задней бабки. Материал изготовления – сталь повышенной прочности; гладкая поверхность рукоятки обеспечивает удобство эксплуатации; механизм фиксации положения с возможностью плавной настройки перемещения. Применение данного устройства позволяет повысить точность обработки детали и обеспечить надежное позиционирование инструмента при обработке."
Штурвал фартука, кронштейны и ручка переключения станка 16К20;Применяется в токарно-винторезного станка мод. 16К20, служит для работы валов и осуществления работы и взаимодействия механизмов фартука станка.
Экран защиты зоны резания и патронов станков 16К20;Экран защиты предназначен для обеспечения безопасности оператора при работе на токарно-винторезном станке 16К20. Защищает от полета стружки и брызг охлаждающей жидкости при обработке деталей на высоких скоростях.
Этапы производства и сборки специального бандажировочного станка мод. РТ5004 для РЖД;Комплекс услуг по производству и сборке специального бандажировочного станка модели РТ5004 для нужд Российских железных дорог. Включает полный цикл изготовления, контроля и наладки оборудования под специфические требования клиента.
Якорь для станков 1Н983;Якорь предназначен для функционирования электромагнитного механизма управления на токарном станке 1Н983. Обеспечивает срабатывание электрических цепей управления при подаче напряжения на обмотку.
